protein_id,length,domain,evalue,sequence
g11106.t1,2511,Pectinesterase,4.2e-142,MRSLFLYGILPALAVAQQGEPSVLRRRCGRVPESLLSAVSSAPVTLSTFLSSSASGHTAFPTTSIEASSSLSSFSLDSSTDFPTSRASSVSVQTSLDLGLSSGQSSTIPASSYGPSSTSTSQIATTFTASYDSEFGLEAFALSTSETVSFATSETVFIASGSISSTALSFTAAGSGSPATPTPTSNLAFSDLISTSSLSTSLTSVVTPIGSTSSTATYTDSSATASTVLGSSSTSTSTGSSSAVTVTPGGNIASAIAFAQSNGVPTVTIKAGTYTEAVTVSATAAVTIIGETASLKARDSTAPSDYTQNLVTIANDAAAPLTLSSTAIKGVTFRNINFSNTNSLSALGAVSLKGSQLGFYGCQFVAAGQVCIQGGISSGLIADSYIEAADKIIYQYPSLYIYSSTITATAKSANILYTQGANVGTTLYNSTIILDSCNVAQKSGLTNTFVYLFTANNNGSVALYRNTTIGSFVAASGAHVDSKTQSPLNTYLEYLTTGAGSYSQNVAARSPYVSLATSGSQLGPYEIPAFFANANPTVATTQTSWMDQGVLGRILAGVSEQDSRGSSQSSSSSSSSTSSTFSSNTASSNVATSSTASASSSGTVSSTVSSTVSSGTSSSSASQITVSSSSSSASESSTPTSSDFISSASTGGCVLPTSVPSTAKVVGPVGSCATFNNISAAVAALPSDNTAQYVYILGGTYTEQITISRVGPTVFRGETVDTLSYGSNTVTIQSSSGVASNSGLSASTSPFQATQYYTSKMSFYNINFANTYTPQTNYIAVAFVGKALKTGFYGCSFKSSQGTLLLNYGAFYFANSYIEGTTDFIWGQGGAYFYNSKIVTSGVTSGQNIAAQSYQASYGPSIQVYDTCAIVPASSSVAKGSAYLGRDYSTSSRVYYINSYLDAHIASAGWRVAGSSVNVTFIEANNTGPGAATSSRISNAQIQSDTTSYTVASLLGDSSWLDTSAIAPFAGFPDSVYIATAVPSSSSSSFSVSSSTSVSPTSSTASLSATATTVSDTSSSTTATLTYTVAPTPTGSQFGSVMSAVAAIPADGKAHEVYILAGTYTEQIWVNRTGVGKVTLRGETQNPSDYTGNLVTLQFNYGVSTSGTVSNENTPVLNWKRTDGSGLALYNIDFVNTYPQTPSTAALAADFYGSNMAAYGCSFKGYQDTLLANQGVQVFSNCYIEGSVDFIWGYSKAYFHQCYIASNTAGAYITAQNRPNSAWAGGYIFDSCYVTYTSSYAAGKTSVAATTYLGRPWSQYAVVVYMNSYLDKHISPAGWSVWQTSNPQTANVMFGEYNNSGPGAWGTSRAEFATNLTDSQATLYTLDAFIGNTAFIDWTAYNYSPSFSLGSTPTTTASATSSAVTASATASATWAHPTSGTVPPIGAVLVSVGGTQAGSFSNLTDALASLPDDSSTQIIFVYPGTYSEQVPTVDRAGPVMIVGYTAGNPGQAYADNTVTITHARGLSVSPLPTGHSDAETATFATAGTKISLYNINIENSDNLDGSLSSYVTLAGSIYGQHIGFYACSFVGWQDTLLTGNKAGYQYYESSYIDGAIDFIWGYSKAYFKGCTIGAKRASSAVTAHSRASLTAVGGYIFDQCLFTAAKTATVDLTASVYLGRPYSAYALVVVKNSYLDDIIAPSGWKVWSTTNPQTDYITFAEYNNTGPGNWENNAAARVAWQKCTLLTSDTYSLASVMDSTDWIDMTYWDSIATPSPAVKTTDPVTVGTTDYDGTTPPAGAYIVSKTAIEGVTTYDTIQGALDVLPTSSKITPTVFIYPGVYSEQLVLNKSGTTIFIGYSQSPKDYSQNKVTISFNKGINTQSDASNSDSATVYATGNYFQAVNINFANTFGTTDDYASLGFAVKSSKFAGLYGCQVYGNQDALLVNGNLFTSNSYIEGNIDMIWGSGAGYFLNSTIAPNEDKIALTASKRTTNTTAAGFVFDQCRVTPAQGATFSQVSLGRPWNAFARVAWIGSYLDSCIESTGWDVWTKSDPRTDGVTFGEYGNYGPGASTSGRATFAIELSDAQAAEFEVANFFTTTSWINETFVYTSPFAAANLTVPSSSATSSTISKTSSTSSTPLSTSTITTTIPSTIKTTILTTTTGSTVLVTATNTFTLDVGATVTPAPTTKTVTVKATSTNTNTVTEANEVVTVKTTTIIDVGTTVTPATSTKTVQTTATEVHSQLVTVTGKPTTVKSSTTVTSIATSTPKASTTTLSQGQVVTVTSTVTPGAAKVTSTTTVTINPGDTKTTTLKATTSTLVITTTSTKTAKATTTLTCIPAAQKAKRGVAFGTTDAALVFPRATAAGAPVTTVTVISFFTSAATKTATVPGVTSTIIVDTTKTTGKTSTLKPETVAETTTAFAVKSATVTLPGSTSTVTVVNTKETGKTTTLAASVTTVGTTVFVTRTTSLTTTLPGSTTTDVETATKKSTITLEASTITVTQSRDTTVKTTVTLATPTSTVLKTTTLSLTPSVTVTVQNTSTKTKTSTVVTTVTTTTTKTKNGAPACTAA*
g12045.t1,581,COesterase,1.1e-97,MYFKTTITNLTVIGGVLAQNDPIVQLSTGAIRGQTCSTSLATSFLGIPYAQPPTDELRFMPPQPLSPSASQLGDVFDASQVAAPCIQWGSEFDVENPTPSEDCLYLNVYIPPETTNCSSLPVKVWAYGGGNVGGAASYPLYDACSLATDAIVVTFNYRLGPLGFLALDSAGVRGNMAIQDYLAALAWVKENVASFGGNPSQILLFGQSAGADDVFVVSTLPQAKSLISAAILESGGGQDVVPYDIAQLSGSSFAETLNCSTNDLTCLQSKSVNELLVAFKSTPALAPGFGNRLSVGADFAVNTPNTTSLSSAVLDGEIIKQQPLEVGSQVPIIAGSNEFDATLFVLPVYLTSDQPLTEDNYTSFLAQWGPASTAISQQYPLSLFESSDLTTTESVVAAITHIVTQSSYTCSTYKALHAAEAAGTPAYAYRFNHTPSCPWLWESGTEFPAPELADFFLSAHTAELPFVFGSLINQPFGNGSCNATAAESALSATLTAAWTAMAARGSPVTAEQSWPLFDGCQTRGLWIQDAAEVAQLDFSECAFWDAIFAGLGGVDVSWPDVNCATNITVGGSKCSSKKRM*
g13490.t1,573,COesterase,5.4e-97,MRVSTQALALASWLTSCHASQGSLADRDTASAGAPTVSLANGTYSGRYNAEYSQDFFLGLPFAQPPVGSLRYVAPQSLNSSWEGSRNATAYGPECIGYGFDQWILGNIISEDCLTLNVVRPEGYIEGDDLPVAVWIHGGSFVNGGGLDPRYNLSFIVEQSVKSNTPIIAVSIQYRLSNWGWLFSEELSAIGAGNLGLRDQRLALQWVQENIHAFGGDPSKVTVWGESAGAFSVGYHLMAYGGRDDGLFHQAILESGSAAAVDLTNATQWQPYFDAVVEAVQCNGTADVVDCLRGLPWETLNDIFNSTTFPVSTPGIGAHIDGDIILEQGYTSLREGRFIKVPVLMGINTDEGSSFATKGINTTEQFIDFVISTGVDEATANATAEVYPDIPDQGLPATLKGRPEAYPWGLQWKRMVAFYGDLIFHAGRRMMAEAYASAGATVYSYRFNVLVNGNLAQQGSNHFKEVGFVFHNTKGDGYNQPGGSLNPFGGKGPEFFELADIMSGMWVAFITSGDPNTYQNYSSRSSCSKWPLYTLDSPSNVVFDVNVTKRLYPEKDDFRRQEITFVNDKWRL*
g8685.t1,540,COesterase,1e-95,MHFSTPSGLIPSLLALAATAAAQKVNIANGTIQGGECNRTDSYYFSSIPYALPPVGDLRLKAPQPHAGAYSGTLDATASPASCIQFSTEFAESNTQSEDCLYLSIWTPSTVKCGSKLPVKVWLYGGGNEAGGISDTTYDGCYATSDSIIVSINYRVGPLGFLALDSLGLNGNFGLQDQLLGLSWVQENIAAFGGDPTKVLLFGQSAGATDAYTISTLPQAPELINSVALESGGGRDPPTVEKAQQWQQHFLDSLNCTTPDLDCVLAASTSDLVIAEAAMPNEQAPGATTPFTAEGARANWGPLVDGDVLPVAPTSVGNKVPAIFGFNAEEGTIFVFGDYQEESLSLTQADYDTFLEYNFGPLASVVNQTYSVSKFNGTIAPVFAAMETVLGEVSYKCPAHRALLKSQEIGMPAWSYEFSHTPSCAWYSAIPNSILKYVGATHTAEIPFVFNTTHNMPLPDGNCTFTDAEQELAVSMSEAWTSMAAFGRPGDETAWPQWTKNTSAGVNIDESMVVGTVDFTSCLFWDAINAKSLEIANAS*
g4801.t2,573,COesterase,7.6e-94,MSLFGCWRMFFTWLITASLVLTALGCRNSSLDELAPPTVNIKNGTLRGQFLPSFSEDLFLGVPFAQPPLGDLRFRHPKPIITGWDGEKDATVRSPSCPGYAGFDEGLTLGEDCLTLDLVRPAGVTTGDRLPVLVWIYGGGFTAGGSADPRYNTSYLVNASVAIEKPIIAVSINYRVAGWGFLSSKEIFEAGASNIGLFDQRLALRWIQENIAAFGGDPDAVTICGESAGAFSVGYHLVGFDGRHENLFRGAIMQSGSALGPALNSIDNLETTYQPIYDNVTKSVGCQTANNSLDCLRKTAYHDLFEALRPFVLTPVLDRDFLRRLPSESYARGLVADVAILAGSNTDEGTATFFGPRGQLYNDADVEDFISAMGSGLDYETVTRLMELYPDDPAQGCPFGTGSESFKQWGDQYKRGAALVGDSAIIAGRRFIAGYHSTLPRRQRKAVYSYRFDQSPWNGIEELVAVEAPVYATHFAEVCFVFNIAPSASRNNTNWIGPYPDYYQLSNRMSRAWISFVHDLDPNYSGSPIEWPDYHDGHENLVFNAVQDYTESDAWRSEQLAYWGSIWGQLRT*
g13172.t1,572,COesterase,2.6e-92,MVHSWVNRCSILGLFLALGNLSAAYAPSASTKNGTYLGKTNVHYNQDEFLGIPYAQPPVGDLRFRGPASLNESWSEERNATEYSPICVGYGSDSNYYESSEDCLTINIVRPVGIPTEPLPVLVWFYGGGFYEGGTVDPRYNLSRLVQKSVEANKPIIGVSLNYRLSAFGFLWSEEVKANGSANNGLRDQRLALHWLQENVAAFGGDPAKVTLFGESAGAIAIGRHLTAYGGRDDGLFRAVIMESGGPLERWPYATPDPDAYSEELYTNLTTSTGCAATNATTSPLECLRSLPFEKLNAALNITDTWISGTGLGPWVAVMDGDFLQDYQSTQIAEGRFVQVPVLYGTNTDEGTAIGPSGINTDAEFRAAVAEGGPDDATVAAIEALYPNVPGIGIPAAHALTAAEEATYGSQWKRVAAFFGDVVEHMPRRALVSACARANVTAYSYRFNVVPAGLPAAIGATHYQEVAWVFNNVDGAGYATNPFNASLVDRDAYVGVSTLMSRMWASFAADLDPNHHGLTGYPVWPAYTLENEGIGANFVFDANVTSYVEKDDYRVPGMAFIASKAREQWKF*
g9164.t1,530,COesterase,9.7e-92,MKPSIAVLVAWFAATASTVASADNPTATISAGRVTGTSASVGTTNTTIKQFLGIPYAEPPIGDLRFAPPTVYRGQGDIHATAWPNACTQQGSADLLTDQSEDCLYLNVFAPSRPAPGCGRAVMVWIHGGALKTGSSAIAQYNATLLAANQDIVVVTINYRLSLLGFSNSPALAVEDRNAGFYDQRMALQWVQNNIASFGGDRKKVTIFGQSSGGTSVSRLVGTMVDNPPFRAAIVESGWYDYASIMDISSNIPGVAAWNSIVAQLNCTSSSNSTDAELACMRTVDSATVQSALSNAGSLTFTPVNDNVTQLEFPEKARREGRIARVPILTGQTANEGTLFQDPTIRSLDEFVADYPTLDSLESDLASAYSTADSGYATQFDANSAIDTDAEWTCSISRIVGLTSQLDIPIWRYYFNATFPNTEIEGYGVYHSAELPFVFGTFEASSATMDELQLSSVMQTAWADFAKDPWGAGPGWPRIETPMDYSVAALGSPNKNATGWAVIGNGTIDDECWIYQSIYDSAAGGTPWW*
g12477.t1,552,COesterase,1.3e-90,MVRASSFKALTALVHLAFGAALMPPQVVVQQGAYEGIYVAGYNQDLFLGIPYAQPPIGDLRFQNPEPLDTTFDEVRNATEYANSCVGYGNSAAWPFTLGEDCLTLNVIRPAGLDDELLPVGVFIHGGGWVMDYSANGVYNMSWMVDQSVKMNKPIIGVSFDYRLSAWGFLGSQEALDAGIGNMGLKDQRVALRYIKDNIKAFGGDPDKITIFGESAGGGSVGFQALAYDGKDEGLFRGIISQSGADGTAMKSLEIRNAAYNNLTAATGCNNATDTLVCLRKVPFEVLNNAIVNNTNGGFGPMVDGEFLTDYPSVLLKDSKFTRTPMLAGTNSDEGTLFGGSAIDTEEELIASLSAAGFEDEAVQIMLALYPSIDALTLPAGYMTPTDGSIGRQFKRYVTIQTDSGFLSWRRRRSDAYYEYDAPFYSYHFDGPISARETSPPLGSSHFAEIAYVFYNLEGQGYAENAGIFPTDSQAISDLANLMSRMWVSFIHDLNPNNHGVGGVSEWPLYNNTGGFGENFYFAPDDSHVEPDTFRLAGTTYINTVSEQLGR*
g9720.t1,543,COesterase,4e-89,MLSRGILVGLAGLLALPYVLAQAPTAQTLNGTYQGLHLPQWNQDVFLGIPYAQPPVGDLRYRWPQSINSSFDGIGDATQYGYSCMQYGSTFNISEDCLNINIIKPSGNFSQPLPVLVWIYGGGLYAGSTADPQYNLSGIVKVGQDIGQPFIGVSMNYRLGMWGFLQTAQILAEGSSNAGLLDQRLALHWIQENIAGFGGNPEEVVIWGESAGAQSVAYHMFAYDGRDDGLFRGAIMESGGPTGAQIETLSWYNTAVENLTRAVGCWGVSDQLACLRSLDQATLFAAHPTVVWNPLLDGDFLTAYPSQLIENGSYNAVPIITGANTDESFAISGTPNTEQDIFNSIFTWRSYSLTPPTVRRLFELYPDDPCYAVPYAITNCTRNEARGLQWRRAASIGSDLVMVSQRRKMAELYTSAAVDVYSYRFDQRIWNGAEWDGVKHFQNVAFSFQNISGLLGPSPQYDSHLQLARGIGQAYAHFVSDLDPNGAAASDDNILPPWPSYDLGAPKNIVLNATESWVEDDTWRKEGIAYINTPEVSKELLG*
g7382.t1,572,COesterase,6.6e-89,MPGFKSNFLLAALAGVSLASHGGHGGSQPGKPSKPGCSVPTAHLRNGTYIGVTDSVNDQEYFLGMPYAQPPTGSLRFAAPQPLTTSFSEPKSATQYGYACIGYGSDTTNLGTGVTSEDCLTINVVRPAGTQPGDDLPVGVWVHGGSYVMGSSRDTRYNLTWIVEQSVKEGKPIIAASINYRVSYWGFLFGQEMQDAGAGNTAFRDQRMALQWVQDNIQEFGGSKQDVTIWGESAGARSLGMQLVAYDGNHGSLFSRAVLESGSPVAKYANATTWQSYFDALVSTTGCSDATDALECLRGLDWQVLNSIFNGSVSTGVTAPTLSAVVDGDFMTGQGSVLLNEGKFAHVPLLLGNNFDEGTAYAKTGINTTEQFQSYLSSLGLSTDQVSEITELYPDDLSVGIPASYPDRPAAYPYGLQYKRVAAFAGDYQQHAGRRHLAESYAGAGLSVYSYLWNVYVNGIAAIYGATHFQEVAFVFDNTNGLGYTTNPFEGKPETFKTLADLMSKMWVSFMHGCDPNLDASQDVQSVAWPKYTLDAPNNLVFDVNVTGLSYVAEDNYRKANIAYLLDSVFV*
g882.t1,528,COesterase,1.4e-88,MRLHVAQFIVSLLLVPEVLALPPVPQRYVSRRTGNWTVGQIVNTTSGPVTGHAASNNTGVSEYLGIPYAKPPVDDLRWQPPVEYTGTAPINGSSFGFPCMQAHPSLQAEHALQPLYNLSRGGYYVTPDVLLPDTPQSEDCLTLNVWAEPQKGETSKAVLIYIHGGSYTGGSSSEKWFNGQFMAEEQDVVVVTINYRLNIFGFPGSPTTELNLGLLDQRMAVEWVRDNIASFGGDPGRIVMLGQSAGAASVDMHSYAYADDPIAAGYVMQSGTAWGFGVQTQKAASDLWYLAAHAAGCHQATEARVFACMRSVPADVLIKRLPPIRYGMTPGLPYGPVVDGKLVFADYSDRTPAARPVLVGNTDDESGLSKHLTPWWAGLPHWYWPVQNIFVFTCPAGQRAAVSVSKGNPTWRYRWFGAFPNTLLPWINYNGSWHGSELPSIFNTAPQQYYTNTQREDAVGTYMRGAWAAFAKDPVHGLHKYDGWENYKPNGTTLIKLAHAKQANKNGTWTGFTMGPSRAYDDDCVSA*
g12125.t1,547,COesterase,3.4e-88,MMRSNTQLFVLAVGGLTLGQCAVLAATDTATSVLAAPSVTLDYAQYEGSNYAVGVDAFLGMRFAAPPVGDLRFRAPEDPLVEADSQEAKEFGAICVGTDQSVSSSRNEDCLFVNIFKPANATAESKLPVWVYIQGGGYATNSNNNYNGSEVVQKSDYGLIFVNFNYRVGLFGFLASEDVRQNGDLNVGLLDQRKLLHWVQKYIQQFGGDPDHVIIHGTSAGAGSISYHLTAYGGRDDNLFVGAIAQSPFWPTAPEPEEMEFQYQQLVNETGCSTSNDSLACLRSLNTSAFVPFDVEGTFPGASAVARWYWLPVKDGDLIRDDKWNMFDRGEFVKVPLLVATDNNEGSGFVPNASTSSNVTTFFKNNYPNLNDTQLQAIIDAYPLMSPLPKHAAWYPSVSAAYGDATFLCPANSMANSMASYFCPDEVWQYRCYITTAANIANGVGTPHTMEMPAILGTSLRSSVDSTWFNENAPSVPIVMHYYISFIKALDPNKYKYETAPTWESWGSGAGRRLHLETNATTMEDVPKNMTEDCSLWDDLSDSMEV*
g743.t1,497,COesterase,1e-87,MGAANMMQRIGSVLSLSFGLLATPIGASPCHHVDTLKVNTTSGQLSGFINSTAPNVRQFLGVPYAEPPLQQLRFQPPQAKSYAGSLNASAYAPACMQQISTAPTVYSTYIQQFLINGCQSEDCLYLNVYAPLHPVDAKLPVFIYIPGGGFTTGGSNSLYKIPDQWIERTQGHIVITMGYRLNLFGFPAAEGAHQNVGLLDQRMVVEWARDNVAAFGGNPDQMVLWGQSAGSASVGYYGYSYPDDLIVKGLISDSGAPSILSKTYGNYTAFSTLAGLVGCGDLDADEELDCMQQVDAQTLETVYSNHTSIISFSPVADNVTVFSNTTDRLAKGLVTKAPWIMGNNANEGAGFGTFNASGESETQFNIGLSAIVCPVSAEVASREKFGYDTYRYYYTGNFSNISPLPWIGATHSAELPLLFGTHNLYRGNSTEFEWETSYGMQDLWLSFASNPEQDPTDGQGTVWPKYDSSTDSMLEFAANDTWAQTASGSIVDSFCS*
g9302.t1,538,COesterase,7.5e-87,MKLLVRALATAAVAFAAENPVVVLHNGPVRGTTSDYVDGVNVFKGIRFADPATGEYRWAHPPHPTSWNETFDAFEYGNECAQMGRDGTVTGSEDCLFLNIWTPEDFTNTSSYPVYLWSYGGRFSAGTGSDPAYDGSALAAKGAVVVTYNYRLGVLGGLAHPELSAEAEGNSTGNWFLQDQIACLHWTNENIQLFGGNPGQITLGGQSAGSGISLAMVYSPLASGLFQGAIAESGARAPHDPLTGSLATSHRNKTEAEAQGVSFLEALNVTSIEEARQLPLETILAASPQSDTIFVGTPFENNSAYMEPPVFRPVIDGFVLVDTYAGTLASHSQNDVPILTGNNRDESGASPDPRTLAVSDYNTSNSAIFAPIGLSDQFFELFPAATDAEAGAQTNKFYRNQSLVSGWTWASAWAAGGGNSSVYTYFWTHAPPGQSSGAFHGSEINYAFGNIAYAPTLQGSYLNWTARDYEIQEQMSQYWFNFISTGSPNGENLTAWEPSRADTKTTMVLGDSYGAIPIASDDVIEFITDFFSREIAW*
g6887.t2,560,COesterase,8.3e-87,MVSHTTFLIQCLHIIAFTRLTDAAASDWRVGQIVQTTSGSIKGHAAADADQVSEYLGIPYAEPPIDDLRFQPSVRFNGTGIIAATDFGHACMQPFLSLSGTGKRQGALSGLGLTEAGIALLMDYGSSIPSQDEDCLTLNIWTKPQTGDAKKAVLVWIHGGGYKTGASGISWYNGQYFADEQDIVLVSFNYRMNIFGFPGNPDSTANLGLLDQRLAIEWIRDNIEGFGGDPDRIAIFGQSAGGSSVDIYSYAWTDDPIVKGFISQSGVTTSNPFMDQDTATDQWNGATSNAGCGSSSDTLSCMQDLPATKVLSAIATEATWGPVVDDKIVLSDYSTATPANLPMLVGHTDFEPGLTRALTQFKASEDIYNEQEQDIFVCPVAARANASVKLGAPIWRYRYFGAFPNTILTDDPPSGAYHTCELPVLFGTVPQTVEASTDAENNISSYMRGAWAAFAKDPQQGLLSYGGGWPIYSAGDNTLVRLAYNNESGTNLDMGNAYDGGCSSSDADGSSSTGTPPTTPSTTGSSPSPTPSNQAGRIVAGYSLLHVATGLVVFAFMCM*
g2338.t1,540,COesterase,1.6e-86,MFFDRLATVFLVTAQVTLSYCQSTQISVTIANGTIVGSHDSANNIDKFLGIPYAEPPTGDLRLRQAVPLQQSFGTIQASAFGAACYGSRNPTNSSEDCLTLNIWRPSSIVQNETLPVLVWIYGGGFTNGYTADPRFEGTNLVRISSEIQKPVILLSLNYRLGPFGFLNGQEMYDLGLLNIGLLDQRLALHWIQDNIAAFGGDPTRVTLAGESAGAVSIYSHMMAYGGRNDSLFRGAILESGGAFPLTLPNTTAFQSTFDSLITNTTCSQYASSTAEEKLDCIRQLPVEEFRSKVGSSTGQSIDGDFTRTSLRFALPEGKYHGVPTIVGANTDEGTTSAPTNINTTDELFEPLAEGYFRPQRLPDDVVSTLLSMYSTDPALGCPYNTGDIQLCAGKLDKMACSIFGDLVQIGPARFIAQTLAQDGHQVYRYRFNHLPANTTDVTDGITTGLEQSYVFSNLLPDSPWDQALAYRMSAAWASFAHSLDPNWSNDDTFPTWPQYARQNQSLVFNGYGSSVEEDTYRSIQIEYIINAVLPDGAA*
g4801.t1,547,COesterase,8e-85,MSLFGCWRMFFTWLITASLVLTALGCRNSSLDELAPPTVNIKNGTLRGQFLPSFSEDLFLGVPFAQPPLGDLRFRHPKPIITGWDDCLTLDLVRPAGVTTGDRLPVLVWIYGGGFTAGGSADPRYNTSYLVNASVAIEKPIIAVSINYRVAGWGFLSSKEIFEAGASNIGLFDQRLALRWIQENIAAFGGDPDAVTICGESAGAFSVGYHLVGFDGRHENLFRGAIMQSGSALGPALNSIDNLETTYQPIYDNVTKSVGCQTANNSLDCLRKTAYHDLFEALRPFVLTPVLDRDFLRRLPSESYARGLVADVAILAGSNTDEGTATFFGPRGQLYNDADVEDFISAMGSGLDYETVTRLMELYPDDPAQGCPFGTGSESFKQWGDQYKRGAALVGDSAIIAGRRFIAGYHSTLPRRQRKAVYSYRFDQSPWNGIEELVAVEAPVYATHFAEVCFVFNIAPSASRNNTNWIGPYPDYYQLSNRMSRAWISFVHDLDPNYSGSPIEWPDYHDGHENLVFNAVQDYTESDAWRSEQLAYWGSIWGQLRT*
g11361.t1,496,COesterase,2.7e-84,MPFSRSSVPALFAVCLAIGTAAVSSCGTSGSASLSVTTTSGQLTGTINATSPNVRQFLGIPYAEPPVGALRFQPPVRYTSEEAINTTAFAPSCLQTFSNGSSGSVYDLLPELLPGSSVISEDCLYANVYAPLHPVADQLPVFIWIHGGGFTSNGANVPYQIPDHWIERTQGHIVVTLNYRLNLFGFPNAAAQPLNVGLLDQRLVVEWARDNIANFGGDPERMVLWGQSAGAWSVNYYGYAYPEDPIVRGLIADSGGSSVFTTDPSHSNFTSVATAAGCADEDPETELACMQSLDAATLQAAYASTTGASFGPVVDNRTVFVNNTERAVAGLVAQVPAIIGTNSREGSGFVALPANGTAPSEDEITAGTMFIACPTIAEIQNRLLGSLTTHRYEYTGNFSNISPLPWIGAIHSGELPLIFGTHFQYNGNSTEFEWQVSYAMEGLWLSFAEDTSSDPTYESFTWPEYAPTTESMVVLARDNLTTQLDFGSVVDQICT*
g8899.t1,983,COesterase,2.5e-83,MKLLLETILVSLCVTSTQGLQVNTSSGHIKGHASTDHSDVEEFLGIPFGKAPIGSLRFQPPVKYESQDDFVADRYGYTCIQSPATVNASQPENWQNIARSQQEYTNYTSEDCLNLNVWTKRKQPGSCSKKLRPVLMYFYGGGFHSGSGNDPSYNGAIFAQQQDVVFVTFNYRLGIFGFSGAPGFTQNVALLDQRLAVEWVRDNIRGFGGDPSRISIFGHSAGGASVDFYDFAFYQDPIIAGVVPMSGSVNAFGRRFENTSEAGWTETAKLLNCSSNSETDTVTCMENADAQTLLSASLKASNIVSSQLDTAAQLYAGITSLFGPTIDNKTVFANYTDRVAAGQLSRVPAILGFNNDEACFFTESGRLPNKAEVVLGVNEAVFACPLQWGATWRANAGVPTWKYLYEGAYPNLYAPACPGKPWHGQELYVIFNSSELATGYAATPAELAGGEYWRNALATFARNPSTGLTANSSAIQWPEFVESQGQAAVTLGGNSTFEECIRAKVSCSGYRDEFALRLRDDTLATGTKVCLKKGNNPFSSAQDIYSSPAKRSQGTYRDAMTMTSGLNNTGVFLTPEHISLSFFMQSYAPYSLFDYLPELYKLGPAFGESIEEAVLVPSIALLSYQVKDPALYRLAYARYSKLVKKTQQALIAVERATSDSTLVSVLCLALFEAMSLRENQDMANWNAHINGAAALLELRGSRQFDSWLGQKLYLHASHSISASCVIKKIPAPSALLEVDKTVPPHDPKCLLALRRGRLLRMLAEYQQKKLIIPKEARFQKCRSMIEDIGHQMDEMDLVDPITPLSSAALHDLPTLVKEYMDGADSYSSIRWAQAWNILRMLRIFMADAVCQWLDKFISETQSLPCADTGQADKIASLTKLRQVMAQRVQESIEGILRSAPFFINLSGEPRFTARSLIGPLYSAASAKLVSPEAKACAADCLRLIGNCYGLQQASEAAKSVDHGSDFDSWQVDSSFGRVYGLC*
g4066.t3,539,COesterase,7.6e-83,MRFDMYSLLLNFLGALCVLGGPVTQRSDAAQPTVTIADGTVVGIVRDNTESFAGIPFAQPPVGPLRLKPPQRLNSSFGTLDAANPGPACPQQVSEDCLFITVQRPENTAADEKLPVVVWIFGGGFEVGWSSMYDGIGLVQRGIDLSQPFIYVAISYRVGGFGFMPGSEILEDGSANLGLLDQRLALEWVADNIGAFGGDPDKVTLWGESAGAMSIFDQMALYDGDNTYNGKPLFHGAIMNSGSIVPAASVDGTKGNEVYSQVVQAAGCSDASSSLDCLRSLDYADFLDAANSVPNILSYQSIALSYLPRPDGKVLTQSPELLLEAGKYAAVPVIIGDQEDEGTLFSIFQSNLSTVDDVIDYLHDYAFIDATREEVAGFINTYDPSASAGSPYNTGPFNEIYPYFKLLASAVGDIIFTLTRRVFLTAFSAAHPDVPSWSYLSSYDYLTPILGSFHGGDILQVFYGILPNYASAATQTYFINFITNGDPNVGTSDYPAWPQWSEARQLMQFWSITSDFVTDDFRAISYEYILNNATNMRL*
g3671.t1,539,COesterase,5.7e-82,MPRRLGSLVLSSLLIASVSAVLPTVQVGCNQYAGTSTSSGITKWLGLRYAAPPVGNLRFSPPEDPVCNDGTQTATEHGPVCIGTGGSANSTKLSEDCLFLDVYAPTNATTKSKLPVFFHIQGGGFNANSNPNVDGTGLITASDKSIVVVSINYRVGAYGFLTDGGTALKANNGLRDQRKALEWVQKYITQFGGDPDHVVLGGESAGAASISLQMTAYGGKDFGLFHAAAAESISFATVLTASEASYQYDILAIRLGCVGSDTLSCLRSRTTAEIQAVNTNSPYPGNSAAPLYMYNPVIDKDVITDYTYSSFKKGNFIKVPLIAGDDTNGGTVFAPSTTSTLAESNMWLRTQFPRLTLEQLGKIDELYPNPNATACPASGCYWRQLANAYGEMRYMCPGLFISNALTRYGVAASWAYRYDVEDPRQVAQGLGVPHTVESDAIWGPDYVDASISVPASYLANGTNAAVVPVIQAYWTSFIRSYDPNTYRLPGTAAWDEWDGDDQDRLLFETGGNTTMETVDPDLWARCQFWSDIGVDILQ*
g7347.t1,526,COesterase,1.2e-81,MKLSVSTESLALSLLLFASHSAALPPWQHPRWQHPDETTSSSTGASGDGLTVQTAAGLTNGFVNSSYPDVRQFLGVPYAKAPTGALRFEPPEALVADPNTQVQATTTPKACPQIAASTGSVFPSQFFNQAPWDEDCLSLSIWAPKANASSGLPVVIWIHGLGLQQGSSSIEYQQPPAWIQRSQEHIVVAVQYRLNIFGFPNGAGLNRTNLGLLDQRIGMEWVRDNIAAFGGDPNRMVLWGQSSGAGAVDAQNFAFPTDPIVQGFISDSGSALYPLGSGLTTIDPTHSNFSTVAKGLGCPSDPAGEVSCMRSKPAKDIIDFLTNYTEAMSTPSLIFIATPDDIVAFANYTDRYAKGLISDKPSIFGSNTNEGVIQVPPSTDPVHRGPNQTLADMATLGFFQCPAYASALERASAQRKTYLFQYGGNFTDLSPLFWQGAYHMSELPQVFGTRGLYNGAASSFEVETSNTMQDMWLAFAKNSQAAESGGWIEFGSGNMLLMGTQEKTVQTVKVSDVDKQCATLAATEV*
g4612.t1,623,COesterase,2e-81,MHLGSSRAAALLGLLVNSIVIAEPNVEVGNGQITYQGTIKDAVEHLQDIKYGHDTSGGRRFAPPEPYAPLVGSVIDATTPGAACPQSRAAIPPLFDETAEISEDCLTLRISRPAGTTADDNLPVVVWLHGGAVIKGSAYDSHFEPDKLLTLSASINKPVIYVAVNYRLTIFGFARLQVLEDRHSLNVGMRDQRAGFQWVKDNIAAFGGDPTRITAYGLSAGGTFASLHLMTYAGEKGVPFTQSWTMSGPPGTALNITSDATEIHTLAVADKVGCGDKDGDEQLACLREVSMERLTEVAMDYSVTNHPPVGGFTFIPSVDGDFLPDRQSVLYKSGIPAVFGWTQDDGALNAGPAATFQTEEDMKSPIRAFAHALNDEDFRQLFALYPAVDFQEEAQSYEARRTDSEPVAPVNYFRISRIMRDLLFTCSAVDFGHQMSAQSKAIDPSFPGVRLYDLNQSMLEPMFKAIGMPYVQACHGSDTHYIFNGLFPEGEVSASDQALSTSLSTSFINFAYTGNPTSSGDKHVHLWPESFQESYREGSDQELSQFNVMVIGGPFGTGSSSCAKDQSASADSEDPMQQPLADGVNYEEMKDARDQERTRLLQHEKLLERCAFIGSLSEKLGV*
g13530.t1,511,COesterase,7.6e-81,MRVSRIACVASAIVLGATPSNGSPAKRSCSQADLTVKLDAGVVHGTVEAANPDVRQFLGIPYAKPPVGDLRFAPSERIESFGEITADTLPPSCMQYLTSLASIWTNDVLQFNEAGLNATGPQSEDCLTISVWAPRGAKKDLPVLLWIYGGSFKTGGEDVPYQIPTQWVQRTQDHIVVSFNYRVNIFGFPNAAGLDDDKQNLGLLDQRLAVEWVRDNIAQFGGDVNRIGLWGQSAGGISVAYYSYTYPDDPIVSALLMNSGNEYLDITSADTTHSNFTFMASQFGCGGLEADDELACMRTVDASAIEDFLHIYIDNGTTPAVSFAPIVDEKTVFSDFYDRALNGSVAALPTIMGSNLDDGVPFVTYSPEGVNQTLAYEVTTEYFFCPTFKSANNRIAAGAPVFRYEYSGNFSNISPKPWMGAWHNSELPLLFGTHANYRGPSTALEIETSIALQDAWLSLVADGAAGPQALGWPLYNRDAGSFLREFGKGVAAQTTTFAEWESTCPEGLQP*
g3271.t1,560,COesterase,1.9e-80,MKDLIFLALLSNLPLSLAQALVQVQGNGVEYLGTQNLTSGINTFRGIKYAQAPTGDLRWRAPVPIAYDSQSSLVINATTPGYACVQNSPAWEPPLNSTTPQDEDCLLLNIQTPMNPTSDSLPVFFYIHGGGYVSGAATSTIGDSLVHQANGSMIFVQVQYRLGPLGFLGGEDVKANGTANAGLLDQRVGLEWVRDNIHYFGGDPSRVTINGGSAGGGSVTMQLILGGGDDSPPFHAAIPEYPWLTPIYDETWTNQQYTGFLQAANCTTLACLRSLSLSEVEQATRAADETAYAANEYAYGTFYWGPTIDGQVIRDHPYNEFRSGHFTKVPLMIDRDGDEGLAFTNTSIATDQDVLQDFAKLWHDSTGFYEKIVMDLYPESIYNASHIDDLTYFNILKQEGMSANFSDAFVRRSSAFGDAIVNCPSSYIASHFADAGLPVYKLIFNAGSQLHAATGAYLFSSYINADGSQVVAGTEIPGNATIATLMRDYFISFTLNQTTHSYGTSQAAFPSWPLYKSNEPQVLLINPTDVSAVPDPEDSERCQFLQMGRGNNKGIWPQW*
g10586.t1,530,COesterase,2.2e-80,MKSISSLFLGALLAGVASSAATRHPRATIDSGVVIGSVTTLPSNKTSYNFYGVPYAAKPERFQPAVQPEPWTSARNATVKQNVACYQNYIYNAATYDNLMTLVVGPNTEPPEEREDCLTLDVYAPPFGSNATKKAVLFWIYGGSYRTGANTNPNYDGSSFAGDQDVILVSPNYRLNVHGFPANPQLEDPDQNLGLLDLRLALEWTRNNVAAFGGDPEKITLIGQSAGAAIVDMMISAPPDPLNFRAAIMESGQASYNGGAAVPGWAYNTLAKDIGCNGTAAEKYTCMTTASAKRLKNVSEKQGIWFGPPIQDGATWAKAPRQNRLHSTNESSVMARVPVLLGSNAEEGAIYTTGVQNAVAFLQEHYGFSKAKAKALLEYYPIAAGSRIQTPQDQATAVMTESSFGCPAGFVYNDSLSVGIPSWRYYFNASFPNSELVPGAYHASEIPLVFGSYQRENATDFQASLSQDMQQAWSRFAKNPTAGPGWRQDAVAVFGGNASPGETDEGRPTMTLATTSWMDQRCALYKPST*
g1932.t1,552,COesterase,6e-80,MRSRFLLSYIAALSLVHAAPLCDNGSSNQPQVDLDYATYEGIATSQGINQFLGMRYAAPVIGDRRFRAPEEPLKENGVHGPICLSVSGGGDGSSTLPFAYSEDCLYIDVYVPANATARPQRLPVMLWIQGGGFTQLFNPNYNGTGLIQAAKGDAIVVTFNYRVGPYGFLASDELAAEGNLNIALQDQRAAIAWVQKHIAAFGGDPDQVTLFGTSIGGGSVLLQLFAYGGDETKAASAKWNAGIAQSVYLPSIYTVDQMKFHYEALLEATNCTSLTCLRELSTDEMQAANVATPFPGQTEIPLFGYGPVIDGGLVPDTTLNLLEEGKYLKNRPMIIGTSDSEGTLFVPQANTTDDINIFMKAQLPNLTNSTLDELETLYADTPATFPNVTANVSPLFYRAAEIYGDASFACPSITIADGLSQARVPVYFFLDRIQDPVEVAAGILVQHTWEVQAVWGPEYATNYGALPGADSFDAGKSNAAIVPVVQTYWTSFARSLGDPNLFKDGSAPVWEEFGQDSFLNLQTNATYISQLSQEKVQKCAFWARLKKETDQ*
g8348.t1,569,COesterase,4.2e-77,MKSFFTQFLSAIVLSTLALGLPAPDKTERDALIKTTVAIPAGTVVGSVGVVESFGGIPFAEPPVGTNRLKPPVRLTESFGTIDATGTGPSCPQMFFSTDDNDLLTSVLGDLLNTPLFQTVTGQTEDCLTINVQRPLGTQANAKLPVLLYIFGGGFELGSPQMYDGTGLLLNGVVMGKPFVYVTVNYRVGGFGFLPGKEILADGAANLGLLDQRMGLQWVADNIAAFGGDPDKVTIWGESAGAISVFDQMALYDGDNTYNGKPLFRGGIMNSGSVVPADFVDCDKCQGVYDTVVAEAGCADADDTLECLRGVDYDTFLNAANSVPGILSYTSVALSYVPRPDGTALTASPDELVTAGKYAAVPMIIGDQEDEGTLFALFQPNITNTDLLVDYLLDIFFKDATREQIQALVATYPDDITAGSPFNTGIFNNPYPEFKRLAAILGDLVFTLSRRLFLSGTSKVNPDVPSWSYLSSYDYGTPILGTFHGSDILQVFYGILPNYASASFASYYLSFVYNLDPNNGSGILPDWPQWSEKQQLMQFSNIASWVADDDFRTESYEWIGDNIDVLHI*
g160.t1,534,COesterase,6.6e-77,MASKLTTFRSGGLLALSLASGAHAALYDVAIETAKGLVQGYPAFNSSPKVNLSNWQDVTVWKGIPFAATTGGPNRFKPPQPVKAWNSTLLAKSPGNVCPSTLSDTTGYNVDEDCLNLKIWSAAESANAKLPVVLWTYPADSTAADSLFDGAGMADKGVVFVNYNYRTGSFGWLAHPELSAEFSAVTGSNSSGNWGLLDQFAALEWVRDNIDAFGGDPDHITIMGQSAGSAATYHMLNSPLTRGQFVGAIIESGVRDPRDPLADSLAEGYNTLEFSLTQGSEYLASLNVTSIAELRALDFEDLVTSSDTLGNDNSWTFRTTLDYYAMPDIYYNTLINGLASDVPILTGNARDESGVTWGLNITVEEYLEDLNTTYGAEWAEKFFALYPANDSTTASSQYNIEFTDRSKIGTWLWSRLWASNATSPVYTYLWDHEIPGYNAGAAHESEIPYVLNNLYGIENTWADEDYTIAETMNAYWVNFIKTGNPNGDNLTKWDASGNAKTTQELGGGWGSMAVASCSKLFLVESWFETFAAI*
g5048.t1,548,COesterase,7.3e-77,MIGMRRGDGSVLDFVLDQRAPFADIHRENNTRSLFNMLSRALSLLAGCLACVTQASINIEDRQGNWTIGQTVSTSSGPVEGHAAGNGTGTSEYLGIPYAQPPVGELRFQPPVAFNGTDIINGTDYGFVCMQVDMFAGIPHLEGRDDRMEKREGTLTPDALAIIAGYFAGIPATSEDCLTLNVWTKPQVGEEKKAVLVWIHGGGYTSGSSAVSFYNGRNLAAEQDIVVVSLNYRLNIFGFPGSETYPAYNLGLLDQRLAIEWVRDNIAQFGGDPERIAIVGQSAGGGSVGYHSYAFSDDPIVAGYILESAVSLSASNPARALTSWNNAVTAAGCDTAAVPDQCMQLDVSGSTLLNVSGQYGFGPTIDDKVVFANYTDRKPNIGAMLVGHNDFEPGLQRPLSPKLPDAVWQQAELSFTCPAAERATYYALNGNPTWRYRWFGDWSNLRLAINPTSGAWHGSEIMPLFDTIPQTVNVNTPEESSIAAYLRGAWATFAKDSSKGLGTYGGGWPQYSTEGDSLVRLAYNNITGTNLVAGNFYDAGCPEYPTV*
g13997.t1,553,COesterase,1.4e-76,MANWASIKKLTPAVVAALAAAPVEAQLYNSIVQTTLGPVQGFKYFNDSNITETYFNLSDSTVTAFLGIPFAADTGYQNRWKPAQPREPWNTTFEATSFGPACPTLYAEDYSEDCLSLNIWTNANSSSDKLPVLVWNQGSDETSDNTWWYGGGMALENVVVVTFNRRDDVLGYLALPELNAEGLELTGHNTSGNYGVLDELEVLKWVQNNIVNFGGDPDRVTIAGQSFGSAQVYHAVNSPLFEGYFHGAISQSGIRYPYDTLLAGLATQYVPMEKALSFGLNYTASHNVSTVAELRNLSLSDILIGSADRDTSIWNITALSCGNPLIFKPALDGYVIPMKYIDQMKAGPANDVPLITGNTKDESGAATNTNYTVDQYTEYCTEKYGNLSSRYFELYPVDDNATLGDMAWNAAARDTSLVSSWAYANGWIESAESPFYTYYWDHAPPGQTQGAFHQSEIMYALNALYANGDLYPFTEEDFAIAKKMTAYWTNFIKTGNPNGNSNTTSGDLDHWYPNDGSSNYVMHLGDGWGNHTLAKDEQVSFIMDYFGQQVPY*
g14973.t1,574,COesterase,1.2e-75,MKTTSLICNGLVSFGLGVLADPTVRQLGSPTVVIPSPDATFLGAPLGLVESFHGIPFAKPPVQSLRYNPAQPLDLNQSLGVIPALTVGPACPQNLSPQVPAAELPPEVVAALEALQNLTAQLPAPSIYSEDCLYLNVFRPAGIDSKAKLPVLFWMHGGGFEMGFTMTGEGVPMVTDSIGQGKPIIFVAATYRTNGFGFLGGKEVMDAGVANLGLLDQRQAMRWVADNIEAFGGDPDKVTIWGESAGSISVFDHLVLYDGDNTYNGKPLFRAGIMNSGSVIPTDTVDCEKAQKVYDQIVNEAGCSGSDDTLQCLREVDYQVLYDAVATIPTFTSYRSIALDFMPRPDGKTLTKSQDQLVQEGKFTKVPIIIGDEEDEGTLWSFTQGNITTTEEVAEYLGQYFFHHSTQDDMEEFVGTYQTISEDGSPFRTGELNNWYPQVKRISAILGDLAFTLSRRYFLDIRHAFDGQLKAWSYLSSYGYGTPIIGTIHGSDILHIVWSTPYDYATHTMHSYYLSFIHDLDPNSNNPLSPNWPEYFDSKKLLNLYSTFGQFIPDDFRADSYEWITNHIPQLTM*
g9754.t1,672,COesterase,3.8e-75,MLRRLWLAALAVSVGAIPPSPDSLNTGITIVADNDLQGVNSPTANSSIIVLSARPYSDAILACKALGEQLWSPELGSSSIQRNLDYLRYKDNALGSSQFWIASKGVGSRAIDRTGRVSWPAIASRLPVICTQTAPFSNETFKDTSDNWQVTVRSNGEYLTGFRDRYSFRFLGVRYAPQPERWTYSTPYIGNGSQISALEYGSQCVQGGNVGSEDCLFLNIWTNYLPSTNSTSKDLRPVMVWIHGGAFTGGTGNDPTADGGNLASRGDVVAVDINYRLTTLGFLALDDGVTNGNFGLADQINALDWVRKNIKDFGGDPDRITIFGQSAGAGSVRALLASPKSVGKFAGAIPMSNLGGIQYGTTYSKYYTIEEEMQVAGNAILNATNCTNAASRVDCLRAFSAYDIANLGTSARYPVVDGTYLISDELQLYGDPLPARILMGIMRDDGAAMINYPTTTDEETYLNTSGFPIPSANLFPIPTLDNKTLALYNMSSRLATDGIFRCIDQATVHTGLESGRFQPDVYYYEFNRSYQTTGWPGLNTCEPPKTASRPYGDPDAEYFKCHSGELYYVFGNLARQGLPMRDDNDLPFEQFVLDSFSSFARTFDPNPDAGFLEARGYQNTIDELEVAGRWLPATKDNLTRRTLQWPSIQESFSELEQCESIGLGIDYYEQS*
g3436.t1,536,COesterase,2.4e-73,MGLLRNHEVMVASVLGLLAPVTRAALYDSVLQTPNGPVQGYPAFNSSPANMNLTHWKDVTVWKGIPFAADTSGENRFRAPQPVTPWNTTFDAKDYGLACVASGTTYADIGEDCLNVNIWSAANSTDDKLPVVMWSYPAGGSNADPRFDGGGMADKGVVFVNYNYRTGATGWLVTPELTEENLNTIGVNSSGNYGMLDQFAAVQWIRDNIAAFGGDPDRITVSGQSAGSAATYHILNSNLTKGQIVGAIIQSGVRDPYDPLATSLAEGYQTYDVSLNYSQTFMASVNCSTIACMRALDWSTLDNTAMPGSTGPSFKPTLDYYAMPDTYLNTLQKGLANDVPVMTGNTRDESGASYGLNITLSEYLDDVNATYAADFVDRFLSAYAANDSATASAAENAQFTDRSKVGTQNWAGYWLDSNVTTSPVWTWLWTHAPPGQDAGAAHMTEIQYTQNNLYNVYYGDWEAADYQIAAVMNGYWVNFIKNGDPNGQGLPQWDSVASADGTVTQELGDAWGPIPIADDEQIALFNDWFPTLTAI*
g7358.t2,574,COesterase,9.5e-73,MQSRIWLTLCLVTLGLAQYSSLTVDLGYAKYVGYHNETTGVNIWKGMRYAEPPVGNLSFKAPVEPTSTGMTMPAEIEGPRCIQGDTISSRLGNPSEESQQDCLFLNVYTPEEADNLPVFVYIHGGGYIVGDGNQDLSLLLDTHYGEFIAVSLNYRLGAFGFLSSEDVKEHGDLNAGILDQRLALEWVQKYAQLFGGDCSNVTIYGDSAGGGSVMLHAMAYGGTDGDRLFQKAIGASPYLPKQYNYDDDYPTYLYDQFVLLSGCGDAEDKVACLRTKDMEVLRAANDNVTAVVVNGTFGFAPVTDGNLIPYPPSVQLLDKKTVNGQFMWTNHNADEAVGFVPANITTEDDLVEFIRIRFQWFDEDDISALLETYPLTDYSRNSSNPPFATAGDSGPTAVEVSPFAIGNQQRAYDIYSEATFACPSYWLATAYTGEYTKTSYLHTYVNQIALHANDALVYFMPPSLTQGPAFVKALRATWSSYIATGSPNIPSAAANNSGSDVLSHWPVWGHDRMVVYNQTGGVLSSDSTSRGNVSDYHDPGLRNDFREVNARTWEGGRGDRCDFWKRMAPKVPM*
g7358.t1,734,COesterase,2e-72,MQSRIWLTLCLVTLGLAQYSSLTVDLGYAKYVGYHNETTGVNIWKGMRYAEPPVGNLSFKAPVEPTSTGMTMPAEIEGPRCIQGDTISSRLGNPSEESQQDCLFLNVYTPEEADNLPVFVYIHGGGYIVGDGNQDLSLLLDTHYGEFIAVSLNYRLGAFGFLSSEDVKEHGDLNAGILDQRLALEWVQKYAQLFGGDCSNVTIYGDSAGGGSVMLHAMAYGGTDGDRLFQKAIGASPYLPKQYNYDDDYPTYLYDQFVLLSGCGDAEDKVACLRTKDMEVLRAANDNVTAVVVNGTFGFAPVTDGNLIPYPPSVQLLDKKTVNGQFMWTNHNADEAVGFVPANITTEDDLVEFIRIRFQWFDEDDISALLETYPLTDYSRNSSNPPFATAGDSGPTAVEVSPFAIGNQQRAYDIYSEATFACPSYWLATAYTGEYTKTSYLHTYVNQIALHANDALVYFMPPSLTQGPAFVKALRATWSSYIATGSPNIPSAAANNSGSDVLSHWPVWGHDRMVVYNQTGGVLSSDRTPDVVEALRDPDMSTNIHVHTLMVTVVLSSLSDARLHFPGVAESIRIDYGARLLQAVQGFQVIGRFDLPAANEDEAHDMLPKRAARLERPLKTIEEISSFVYDTVNEERISNSCTVVVFAIPVFAEDADIPLVDGLVPIWKWAKPKSVYPLKSGFWEADLSAALDHGEWNAGKDLCLLVLGALESEVTMIRESGSKFKIMPRRAES*
g11813.t1,334,AA9,3e-72,MASSKFSALLALAAGAGLVSAHGYVSLITVDGVEYAGYPPSSAPYESPAVDRIAWSDSATDNGYVAPDAYASGDIICHRDGSNAALTATAAAGATVSFQWNTWPDSHKGPVINYMASCNGDCTTVDKTTLEFFKIAESGLISGSSSGGTWASDELISNNYTQSITIPSTLAAGNYVLRHEIIALHSAGSEDGAQNYPQCFNIEVTGSGSESPAGTLGEALYTEDDAGILINIYTSLASYDIPGPTLAFADSGSAAATTVAAAAAETTTAAAATSAAVTSAATSAAETTTAAATTSTKAAVTTSSSTSSAAAATKTSSTCKKNKRRHARDVVKN*
g4066.t1,996,COesterase,5e-72,MYSLLLNFLGALCVLGGPVTQRSDAAQPTVTIADGTVVGIVRDNTESFAGIPFAQPPVGPLRLKPPQRLNSSFGTLDAANPGPALQRPENTAADEKLPVVVWIFGGGFEVGWSSMYDGIGLVQRGIDLSQPFIYVAISYRVGGFGFMPGSEILEDGSANLGLLDQRLALEWVADNIGAFGGDPDKVTLWGESAGAMSIFDQMALYDGDNTYNGKPLFHGAIMNSGSIVPAASVDGTKGNEVYSQVVQAAGCSDASSSLDCLRSLDYADFLDAANSVPNILSYQSIALSYLPRPDGKVLTQSPELLLEAGKYAAVPVIIGDQEDEGTLFSIFQSNLSTVDDVIDYLHDYAFIDATREEVAGFINTYDPSASAGSPYNTGPFNEIYPYFKLLASAVGDIIFTLTRRVFLTAFSAAHPDVPSWSYLSSYDYLTPILGSFHGGDILQVFYGILPNYASAATQTYFINFITNGDPNVGTSDYPAWPQWSEARQLMQFWSITSDFVTDDFRAISYDNKSERGIEMSSSWRVSASNPVRQVGSGDGMDYERCAALHNELLELGWVGSGKPLEHSAAADDQAPVLHRVSWFDRHGDAAAQVRSRLSPSLNAFLEQALDSPNGHSLFYHVNGLSHPGFLFLNNNEDEEEPNRYVTLYVANQIATHPDGLVFDQRENKAIIQMSMFDSDVTKNGRQQWHPLEVVLSNWLDIVQINKVEAVSDDVEVSNDKFDPWIFHPFSQQQLADTLNVYHKLLNAIESRLPEASRLESRSTEPLVPEAMLEAAQMIRRNSFAWSFLSKARCPAFRYIAPGLAIPDTEDFRHQPFSSVETDAEPLEDGELGIQYPILLFPSSEAFRGTHGGDIDEPFPPPWSEVDSYQAGLYLTDSDRETAAFEDGVRLVLPFGIGARGWARTADGARFGEKKSADGVGRGGSKDTYSDLYQLGYVPFIESHETRLVQVFQAWLRHIETGSWEVGGDGVLGSIDKWREADTEEHWGEYMVPLSW*
g9680.t2,713,COesterase,1.2e-71,MELRTVLEVKNSSTPKMMLGWIGSLLWQLAPLQATSLNVSSGGGITILTSNTLDGAQNTGDGAILVNQPVSYNVTSSLCTQLSETIWSHNATKFNAGLDSSISGLVHTGNIREDQLFWVASSPNDGSCPGMDTSGRVQSLDCGILLPVLCTQSAPVSNSTHSDTAATWQISHMVADSTFTGYRDYHAWKFRGVRYAKKPERFTYSSIFLQPGNVSAITAGADCVQPIGEVTSGSSEDCLFLNIWTSSLPPAKSSNNITGTYLRPVMVYLYGGGFTSGSGKNPNTDGTNLASRGDVVVVSVNYRVGNVGFLAFSDGIHNGNYAISDMIAALTWIQKYIQYFGGDATRVTVFGESAGAQGTHILLSSSKAKGLFHRAIMQSDPTSYPHGGFTWPRYATIEDAYRDGTMKVLNQTGCLDAQDQLSCLESINGFDLVNLETNFNGPVVDGTYLQSQQLIVNKPGIASNISVMTGTNRDECGVYIDEDAYPRNGTTFATYFEDHVGIDQGLPDNYSLSIPPGPFSFSNGSAPEQVFNATLRVASDGEFVCFDLAKAYSAAKSGAFKAVHVFQFNRTYSPSGYTRTWCNAPKTPERPHGDPDGEYYKCHAGEQLVVFGNIVRSGQPDRDGLDVPFMQLTVDYWASFSRTGDPNPDKDYLKALGHYNTLSQIELAGPWESVSYGKPTMRLLQWNGAQVPFVETEQCQALGIPLDTLEAD*
g410.t1,605,COesterase,8.9e-71,MLLKIFLVIILATYVQSRSAYVFGGNTAWQGEVNETANTVSFYSIPYAKAPLGDLRWAPPQLIQSHVFLNSYRDPFYKYDARKRGPACIQSHPPWSTVSSRDSIPNESEDCLRLDVITPSNSVPGKLAVMVHIHGGGYVFGNSSSNSGASLVSHSKGKLIHVSIQYRLGPLSFLAGEDVANNGSVNVGILDQRAALDWVHYNIDAFGGDRNKVTIVGDGAGATSVGLHMMRPERLPKMRDENRPFKGNPLPWRPNHRLKCCPVPEYEEELNFPFQAAIMDSPWWSPMMNNVTVNKQYQAFLKAAECEDLRCLRDAPVHVIKYATEMLYNTTYSAGQIAYGTYYWGPFIDGTIIREHPLTAFEYNRVANVTVMITRVGNEGFAFSNVSIDTEIEMKKDLAPLWQSEKFVSDTLIHYPTTAFNNSLMEDLDLIPALRKAKGSNISFSDDFARREALFGDAIVNCPTRFIANAVGQRGPDTFKMIFDKGLQIHGAIKPYVYSDNINPSGEVSYGPVNMPGDPGLAWILRDYYVSFAVYKDPHKGTTADERRAKPYWREYYETPEDAKKVLYVHQSHLNYTKFGMIDDPDDNARCSIFHGSPNYKGSI*
g5834.t1,579,COesterase,1.6e-70,MQRVSWAVFTALFSVALAAVQVELDYATYLGYYDSTIRYAAPPVGNLRWQAPRPPPANRSVVTPATQQPPICPQTGGYGLPDVYGFTSGYGDEDCLYLNVYASPNATNLPVMVWIHGGGYSKFGAVYDPSVWLNTNDNGFVFVEIQYRLGAFGYLSSNVIKNNGVLNAGLLDQRFALDWVQKYIDKFGGDPTRVTIGGESSGAGSVMFHALAYGGNDAKVFSNIVAASPYTPPVYEYDDAVPVGNYRAFVRLAGCGGSGGGAAEFACLQAADTLVLQNASGTVSTTRGYFGSFAFQPVVDGSYIQMRPSQQLLLGQVNGKRILVGNNANEGVPLTNPDVDTFPEYRDFVAKTFPRFTPVDVVSLNTFYQTYFAQQGDNGTRFDTLGDSGPTALTVSEFATGLQQAVLDIGAESVYDCPAQWLAEAFTPGQLQAWKYQYSVTPAYHGHDLTAYFAVGAVVPNFDFRFAFQKILGNFIRFNSPVISRQDATAGYANATAPPGRNGNIGWPQYGLITPTMINLNTTGGMLTEVVVTPNLTFYQRTGPGIVNRFRLVNSRTWEGGRGTRCDFWRGVSARVPY*
g3634.t1,566,COesterase,2e-69,MLFACALGVAFVTVTGAANLPVVELGYERHRAIAVNETGDYYNFTNIRYGQAPLGQLRWAVPQAPNNTQNDSVSVVDGTEQGGNCPQTFPCWFQIQTAFTKSFLAGEEFDFNSTYAEVYADDVCSQPTPESERLPSETEDCLFLDVFVPRTVFDRANGTSANASVLVYIFGGGYSGGSKDSFGYFEGSPAGLIDSSRVTNPDGVIYVAINYRLGAFGWMFGSDYNSQGGLTNAGLYDQRLALQWVQDNIHSFGGDPNRVTVMGESAGGGSIVMQMTAFGGVEKAPFSQAVLQSAAWEPASAGPDLQNQIFDDFLGLLNVSTLEEARQLPSQQVIDANHIILANADYGSVFLGPVVDGSFVPDDPKRLLRDGKVDKSVKLLTTIAANEGLRFAPANITSEADFQQFVDLFLNPANTSVREYVTSSVYPPIFNGTLPYTSQRERASLFWAELVSTCNIQYLHNAMETSGYANLFDVWPSLHQGDVPYVFWNNNPLTYSAINGTVARAIQDYITAFTITGDPNNSESAAMALYNGSSILGMSGTGFRVVDDPTNNDRCAYWHDATYQP*
g6225.t1,406,AA9,1.2e-68,MRNTAMAHLYLAGLLSCLAQVAAHGFVKNIVINGISYQGYDPTVFPYQSNPPIVVGWTTSQTDLGYVEPAAFGAPDIICHRSASPAKGHVRVAAGDSIALTWNTWPDSHHGPIIDYLAACNGPCESVDKTALRFFKIDGAGKADPSATASPGYWADDVMMADGLTWLVTIPASVKPGNYVLRHEIIALHSANQANGAQAYPQCFNLEVVGSGTAAPSGVPGTELYKPTDPGILYNLYTTPQPSYTVPGPALIAGASSSASPQTSSAITASGTATVGYASVTSTGSGSTSSTTTSKLSTTSSSSTSSGGGATAMPSSSTSTSVPATTTASSSSSRTSTSTTPVQTSPSTTSSAASSSTAAMPSSSLVPLYQQCGGRNWGGGTQCAPTHVACQYVNDYYSQCTLVAG*
g9471.t1,522,COesterase,1.9e-67,MKTNFQALWLLFTWTAKASWSLDDPLTVTTGTGIYTGLFAPDYDNVREFRSIPFAQAPVGKLRWKPPVALPASRKHHYAHRYPANCQQYLPAALSLWSTVLTDYGIDTLDQSRHAGDVAQTSDEDCLGLAIWTPANVTADAKLPVAFFIHGGAFVQGGVDSPYLKPTQWVSRSQKHIVVSVNWRVNIFGFPNAAGLDDQNVGFLDARMALEWVYENIEGFGGDRDRITLWGQSAGAVASDIVGFAFWDDPLASSLFLQSGNAIRQFARGDDALQTNFTFVAKNLGCDFADDPEAELDCMQQVPANLITNFVGQYGDNNTEPGLYFRPTVDEKVVFANYTARAKAGFIPKIPALISTTANEDASLIAYPADNLVEGPNKTATNLGTLAAFVCPAFFGTNVRIYNNLTTYRYQYAGNFSNISPYQWLGAYHASDIPPIFGTYDLHGGSTPLEIAVSKIMQNYLLAFISDPLNGLKNLGWAPDDKLLQGTMKRFAARTVEEKTVNSLDVDNPCRGIGKYDPSPS*
g5251.t1,403,AA9,4.2e-67,MSSFKSSIALASAFASTALAHGTVSGFVTDGTWNQGFLLDYYYEKINEGSFPDIAAWYAEDTDNGFVSPSSYGTADINCHINAEPGALTKSVSAGGTVDFQWTTWPHGIGPVLTYVAACNGDCSAVDKTALEWVKIDESGYDTSTETWAAQALIDNNSTWTTTVPSTLAAGNYVFRHEIIALHGAGSEDGAQNYPQCFNIAITGSGTDSPSGTLGTALYNEDDPGILFNPYTTITSYTIPGPALYTGGSGSGSAATTTAAAATTTAAAVTSSTAAAVATSSSAAVTEAAAVSSTSAAAPATTSAAADDEGDDEGDDDDSCDADDDETTSAVATSAPATSAAPTTLVTRTSSAAAATSAAASSGSSSGSVALYGQCGGATYTGSTTCASGTCTVMNDYYSQCV*
g10808.t1,608,COesterase,6.3e-66,MKAYVSACLVSLAASALAAPWDLPKRSNVRLEARDNSTTVDLGYEVHSATVNETGSYYLFSNVPYAQQPIGDLRFQKPVLPTGTNTTVTDGGSSDIECMQAYPGWVVELQAAAYGVDATTMAAILYNSGAQTESCLVLDIYVPETIYELGALASAPVLVWIHGGGFTYGSKTGSGEIAGLLARSNNTAIIVSINYRLGMFGWLDGSDLTPNLGLYDQRLALEWVGEYISKFGGSADRVTVMGESAGAASILHHITAEGGEEAAPFDQAVVMSPAFQFNLNGSYGYDLTMEVATNYTGEDIDSVSDLTTLTSAQLKYINQAVVYDAFTGLFNYGPVVDGTYVPNHPQVLLLEGKFDDSINLMLSHTSNESVPFTPTTIATAEDLYELVATEFPEVSNETIDYMLTTVWPDVLNGSYPWTTEFARAVKIGTEIQFACSARFLSVAFDNATYDSIFAYPPGYHAQDVPYVFFNGDTSTLDDGLPVNPTIAHAIQDHIMTFTLTGDPNYLGEAVTWPLYGSSAQTLEYTYAGQVIVTDDLKNDRCTWIQQAMADGTLMGKKTCDVDHTHGSHGKPGSSKSGHSGSKDSKFKVDVKATTKVILPGREQRHQY*
g9674.t1,251,AA9,1e-64,MHALTTTLLGLGSAALVAAHGYVDNATINGNYYQFYQPYTDPYTSPTPDRISRPVQGNGPVTDVTYDDLQCGGYTDGGIVGSSPAVLHAEAAAGSTVTLHWTLWPESHVGPTVTYMAACPSSGCQDYMPGDDAVWFKIAEDGRDGTSDTWGDTPLMSNGNAGYSYTIPSCLAAGYYLVRHEIIALHAAYSYPGAQFYPGCHQLQVTSSGSTKPSNLVSFPGAYVGSDPGITYDAYQAQTYTVPGPDVFTC*
g12128.t1,250,AA9,6.2e-64,MHSSSILLTVAAAFLDLTSAHGFVNGIRVNGGTWVPGADPVWYYYTAGTSPATVGWNSLNQDLGFVSPSAYQTSDIACHKSATAGQLSVSANAGDTLSITWNTWPSDSHKGPIINYIAKCSGSCSSATASSLTWTKIAENGYNSGVWATDGLTSSNYTTSLKIPSKLAAGNYVIRHEIIALHGASSDNGAQNYPQCFNVVVGGSGTVSVPTGTAGTSLYTRTDPGILFNLYTSFTSYPIPGPTLWTGAS*
g1919.t1,535,COesterase,1.2e-62,MIGGFSSWAPLGTTVLLVAALADGVHGASATDCVVTTPNGQIIGHRSSIQPEVCEFLGIPYAAAPVGNLRFAAPEAQNLTGDFIADTWGADCPQNPSSLFAYPNATAVYEDVFTSFVSTTSTNHTQSEDCLKLNIWIKADALNASSPVLMWIHGGRHTSGTSNTLFYNGANFAATQDAAFVTLNFRMNIFGFPGAPEGTQNVGLLDHRMAAEWVHDNIQYFGANQDQISLFGQSSGAAAIGNWAYAFKDKPIVAGLASHSGNQFSFPTNTLALAESNWYNVSGTLGCGSTGLTLECMRDPNITFQQILAAVKKVPTVATSSPARSQPQFQATQDNITWFTNEEYVSRVKAGNLAQIPYLQIHGDHESGFYRISALAQGNTLNESAWQEFEQETFTCAAAAEGYYRTQAGIPTYRLRNMADWENTRLYDPPTSGAYHGVEIHMVTGNSELVSGVAPADAQAELTATVASAWRSFAADAANGPTDALGWPRYVPGDATLGLVATDNTATVTFVDASSYDSACPDLDLDFWDDAIPV*
g5245.t1,230,AA9,1.6e-62,MKITSAVLALVAAAQAHYTFPALVSDGSASGKWEFVRKTTNYQSNGPVTDVTSSQIRCYQLAAGSEGAQTKTVAAGSTVGFTADASVSHPGTLQFYMAKVPSGQTASTWDGDGAVWFKIFSQGPSISASGLTWPSQGAAQVTAKIPQCLAPGDYLLRVEHIALHSASSAGGAQFYISCAQLTVTGSGTKTFSGVSFPGAYKATDPGIMLNIYYPVPTSYTAPGPAVVTC*
g8211.t2,532,COesterase,2.7e-62,MCISRLLKASACLSFGAISVANASPCTPGSPQVGLPQGIVRGFLDSHNNSVFLGIPYAQTTGDQNRWKKPQDLIKPENDSSLVVNATSYGPTCPQAISSDYYSRQDEDCLSVNVWAPSTASGLPVFIYMYGGAMVTGSSSNPQLQGSNFARKGVVYVSFNTRESIWASPNSAELAGKNETQNFSILDVEKALEWIHDNIAEAFGGDPNHIVFGGHSSGAVQVDHYLWNHPDTWLKGAVQMSANAISGPAYAPVNVGLDVVAAEVGCGTGSGQLDCLRNVSIYDIQTTYFNSTSNTWFTPVIDGITRFSDYAARLSGGKYASQVPLLTGNSNGEGTIFSLVYGAENSEFDTWINTFDADSAHIPDELLIEGYNTTNFTSESLKSGTQYGDARFNCPVDYFVDLRSQKQPTWEYRFFGQYDNVVGVSGTAPTHGTEVPFFLGGNECFEKLSNVTDAQQALADTIHDWFVEWIKNPSAGPGWDQVKPIKGTLIKLGVPGDELSLVQGTTSEHNGLCQSIYKPYFPNYPVIQSPA*
g12393.t1,229,AA9,1.4e-61,MKFLVALALLGLSQGHYTFPDLTYDGVTSSEWEYIRETTNHYSHGPVQDVTDEQIRCYELVEGEGANGTQTVAAGDTVSFVVDPSIQHPGPLQFYMAKVPSGETAATFSGEGDVWFKIYEEHPTITTDAITFASSGLTTVSVTIPSCVAAGDYLLRVEHIALHSASSEGGAQFYLACAQLTVTGSGSTTFTGVSFPGAYSATDPGILINIYYPIPTNYTNPGPEPVSC*
g7840.t1,563,COesterase,3.4e-61,MQLKLSTTLAIPLLLAGTSAAAAKCLGNNATGVASSSNSSSSSSVVVDLTYALHAPQITTSPDDRVYYNFSNIRYAAPPTTPELRFRAPADPVFNRSAGVQDGRYGKICPQAYTPWQSAALVTAPPGEHESEDCLFLDVVVPRSLWDARGGNVSRPVIVWIHGGGYQIGAKYGTPDSNPLGLLDRSFVDGGEGIIWVGFNYRLGALGWLQGDTFTSSGGLANAGLHDQRKALDWVQKYISLFGGDPDRVTVMGESAGAGAITHHITAYGGRGEAPPFRQAIVQSPGYVPRPYASQAESSYAVLLAAANATSLAQLSSFDSTTLQTANKLAQTSDFYGAFQFGVAPDGGYVPDLPEKLLANGSYHGGIKVMVAHNTYEGQRYTDPAATNSTAFDEYMSLYFPDAPVEFLNELSSEVYPAVYNGSSATETDWTTPFERLRTAVSEFTFACHAYFLGDALGGLAAGRDSYSYLFSVPPGTHTLDVYYSYFVNSSSSVTNETVALYMQEYFASFVETGDPNRGSLPTFPVYGANFTDLNLNQTFVSVIQDPAANSRCDWWRRASYS*
g222.t1,377,AA9,4.4e-61,MKSVISAAILAYAAKNVAAHATFQDLWVDGVDQGTSCARIPLSNSPVQDVTSDDIVCNAGTSAVTTNCEVTAGSTVTVEMHQQPNDRSCSNEAIGGAHYGPVLVYMSAVSDATSATGSDGWFKVFEDTWSSAGSSGSDDNWGTKDLNNCCGKMDVKIPSDLAPGDYLLRAEAIALHAAGSSGGAQFYMTCYQLTVSGSGTASITDTVLFPGAYAASDPGILINIYQAMSTYEAPGPTVYSGGSTQSAGATCAASATGSAATTLASVTSVATTSAAATTTAAATTTAVTSAATSSTVSSQVQAVTSASVASSSQVAATTSAASTTLTTAASAATTSATEAVSSAATSTASSAKASATGGSTCKRRRRRGQNKKARRS*
g14597.t1,319,AA9,8.8e-61,MSLLKTVFLAALGAATVSAHSYVLDIDIDEKSYVGFKPINGSINDPVIVGWKTLAWDQGWVGKDSYSTPDIICHKNATNAQGHAPVAAGDKVHIQWNGWPQGHKGPVVDYLAPCGSEGCQVVDKTSLQFFKINQGGLVNSTAMQPFGEWATDQLIANNNSWLVEIPDTVKPGFYVLRTEIIALHNATTGAQHYPQCLNLEITGNGTESPSGVFGERLYNTTQPGLDQSVNITAGVTSYLVPGPTLIPDAVSISLTNPIPTGTGSVVTATPYSLPNSSSSAAGMATATTRNKNGGALLSRPTMAPNVHARRWYHQGLGF*
g11676.t1,320,AA9,5.4e-60,MQSVLLAIIALAAQQVSAHATFQDFWINGVDYGAQCIRLPLSNSPVTDVTSNDIRCNAGTSPVSYKCVVAAGDTVTIEIHQQPGDRTCTTEAIGGSHYGPVQAYLSAVDDSSTADGSDGWFKIYADTWAKNPSGASGDDDYWGTKDINTCCGRLDVKIPSDIQAGDYLLRAEALALHTASSSGGAQFYMSCIQLSITGSGSASPSTVSFPGAYAASDPGILVDIHAAMTTYIAPGPTVYSGGSTKSAGAACEGCETTCTAGAGASGTATSVALPTSTGGGSDGCTVALYAQCGGNDYTGCTNCYQGTCTVLNDYYSQCA*
g13642.t1,565,COesterase,3.2e-59,MRLRATASSTILLLATVVESICADELDEPLPLIDLGYELHQALSYNDSSEVYLFQNIRYAQAPIGALRFRAPVTPEVDRAAIRNGSELRNCPQGMPAWQARSYGPMTKFSDSRVPFNLTAWEEAIATATIPSLDLNVETTEDCLFLDVHVPKQVLNRAKQNTEPGQIFGDAPVLVWIHGGGYTLGSKTGAPSPKYFPDGLLAHAAARNESMIYVGLNYRLGALGFLAGPEVAADGDLNAGLLDQRLALEWVQDNIHLFGGSADRVTVMGESAGGGSTILQTAAFGGKKGPAPFAQIIAQSPAAMPLLEPAPDAFSDFLAALNVSSLDEARQAVSADVIRANEAQIAAAPAINYNFGPVRDGHFVTDTIGKLLTSGAFDKSVKVMSAYNSFEGGFFYDPTVETEDEFEAWLERSISGADQTKRDYLSRSLYPPVFDGSLGYIDQATRQMAVWGEAVILCHFQSLNQALGGNTYAYEFEISPGFHTQDLAYTFNDPKSPVPFPQAQDLLQRSIVNFVHNGVPIVDDPNQTYPVWGYNQSVLKITGTGAEIIRSGINETRCVWWRDA*
g14832.t1,248,AA9,1.4e-58,MKFSLATTLALGLAAEAHTIFQKVSVNGADQGSLVGLRAPNNNNPVYDVTSNDIVCQQAGTTSSTIINANPGDKIGAWFQHVIGGAQFSGDSDNPIAKSHKGPVTAWLAKVDNAATASKTGQKWFKIWEDTFDTSSKLWGVDHLITNNGWAYFNLPTCVAAGDYLLRVEILALHSAKTSKAAQFYMSCAQLKIGGSGSTTPSSTVSFPGAYKQDDPSILINIYGSTGQPDNGGKAYSAPGNVPVMKC*
g644.t1,363,AA9,1.1e-57,MKSSGSILSTVAGAALVQLVAGHGYVTNGTIGGTSYEFYQPYSDPYTSPTPDRISRAIQGNGPVQDVTYQDLQCGGYTDGGVNGSSPAALHAPAEAGSDVTLFWTLWPESHFGALVTYMARCPDTGCNDYMPESDAVWFKIAESGLIDKATDEWAVDSLEVAGNAGYTYTIPECLASGYYLVRHEIIAVFVANTYPGVQIYPGCHQLEVTSSGSTTVSDLVSFPGAYSSTDPGIVWDSSESTYPIPGPTVFTCGGDSGSSATSAASAATSTSAAAVTSSAAAVTTSAAASSSSAAAVTSSEATTSAATSVATSAAVTSASTTASSSAGTATVEAAATSASASSDCKKKRKNKKRGHARRVHA*
g4028.t1,565,COesterase,5.6e-57,MNTLLSLSLLATAALGSCQAANASATAAATTTTGDLPTVTLDYSTIQAVAGNTTVGYYKYQNIRFAAVPTGDLRWAAPQWPPQETEVNTGSLADADVACSSEEDCLYMDVWAPADAVGRDLPVVVWTYGGGFTGGSKAENTPEGLFDLSTDFIFVSYNYRLGLTGLANGPTYNHQGGIANTAIWDVSHAFEWVQKYISNFGGNPDDVTAIGFSAGASQVLFQMTRFAGRAEQLFHKAYVMSPGFVPGAGHHQAEMFWQNVSTAVGCTGGDITCMRAVDFDTLTDAASTVQSNYSYQFQPRVDGLIIADTYEAQFYQGRFNFTGPLVATHEQHEANGQAYSGVDEDDDVAAELRLFFPAIEDDVVDQLLAYYPADDYESPGLRFSDMKQHFDLTAHNLAVTNAMKNQTWNAMVALDSATHGTDQSYYWYSTYTLDTSSSDDSTTTSSAVVSDVATATSAAPSATGTSSGNSTSSGPGGDSAGGGGMGGTSSVNSTVAVTMQKYLLSFILTGDPNAQWADDKLYWPRYNESETGNGIELVFNTTMYTQDDDLAIEKVVYWNKALWY*
g211.t1,258,AA9,1.2e-56,MLFSTSFTTLALLAAEAAAHGAVTSYVIGGTTYPGYQGFSPNSNPVIQRQWPDYNPVTTATDSKLRCNGGTSAALSASVKPGDSVEAIWGQWTHAQGPIIVWMYKCSGDFSSCDGSGSNWFKIDEAGFHGDGKTVFLDTETPSGWDIAKLVGGNKGWTSTIPAGLAAGNYLIRHELIALHQAKAPQWYAECAQITVTGSGTASPSADQKAAIPGYCKQTDPNISVAINDHTISQVYTVPGPAVFKGTSAKKAREFTA*
g14253.t3,230,AA9,1.2e-56,MKYSVVFSALVAVVAAAPHYTFPKLSGTDDWTSARKTANWQNNGPVTDVTSDAIRCYQLAAGNEGAVTQDFKAGSTITWVVAPSIYHQGSLSAYMAKAPAGTDVADWDGSGAVWFKVYQDAVTVSGSQYTWPSEGKTQVSFTIPSCLADGQYLFRVEHVALHSASTTGGAQFYLSCAQLSVTGGSGSKTPSDLVSFPGAYSASDPGILINIYSNGGKAYQPAGPSVFTC*
g1217.t1,333,AA9,1.5e-56,MRYSGVATLAFASGVAAHSRMYSVWVNGEDQGDGRGTYIRSPPTNDPVKDITSTSIACNVAGSTAVSDFVSAAAGDALTFEWYHDSRGDDIIAASHLGPIITYIAPYTDGMDGTGAIWTKIDEEGYDASTDKWAVDNLISNSGKKEFTVPSGLAAGKYMFRQEIIALHEADTAYSANSARGAQFYPSCVQVEVTGSGTASPSEDFALPGGYTYDDAGIVFNIYSSYTSYDIPGPEVWDGTSTGESSSSATTSSAAAAASTTQAAATSTTAAAATTTAAATTSAAASQTTLATSVKASSTSSAAAAVTTSAAPSASSSPSKCSKKRKARRSSH*
g7721.t1,265,AA9,3e-55,MKSFQLTVLSALAVRYAAAHATFQQLWVDGVDKGSTCVRLPASNSPITNVASADIRCNVGGTKGVSGKCAVKPGSVVTVEMHQQPGDRKCSNEAIGGAHYGPVNVYLSKVSDASTADGSSSWYKIFANSWAAKSGAGSGDDDYWGTKDLSGCCGRMDVPIPANTPSGDYLLRAEVIALHTASSSGGAQFYVSCYQITVDGGSSSAAVPAGVSFPGAIKASDPGVLINIHSKLSSYTNPGPAVASGGETRTPGAACSGCEKTCSA*
g9759.t1,526,COesterase,3.4e-55,MTVAKTLLVWFLTTATRASAAMFDPYYANLTWQPPRTLSNWSNLTVTTPTGTFIGMLNDTYPDVRHFLRVPYAQPPVGDLRWMPPQRTKETNKTIDSTFFGPACPQFVSGTESLWNMYQPPNTVINIGEHTNAGAIAWSTAEDCLSLAIWTPSYANKTSKLPVALYITGGGGVTGGINIASQLPTNWVSRSQEHIAITINYRVNVFGNPKSRALDETSLTLLDVRAAVEWVSENIELFGGDKNNIMLWGQSQGAGLTHQYTLAWPDDPLVSKFGIISQPPDVRINLTETPDPYADFDLLAAALGCNYGEDYQAELECMRQISFVQLVETVNNWNSTPSIAFNKYIPDEKYIFSNETDRYERGLVAKGPAVASNAATEIPAEGNLTQSISNAQLWTCANYRDSVLRQSYGLDTYRYFWAGNFSNISPVPWLGAFHWSDVLMLFGTYMLDVGEIPQLEVESSETMQDFLLAFLEDATVAKGWPKFDANATGGGLILEFGNDVPVKNVTGDYVDGSCWDSSATFPYYG*
g2524.t1,241,AA9,5e-55,MKSQTILALAAQAACISAHTIFVQLESGGTTYDVSYGIRDPSYDGPITDVTSDDLACNGGPNPTTPSSDVIDVAAGSTVTAVWRHTLTSGADDVMDASHLGPTMAYLKKVDDATTDSGIGDGWFKIVEDGYTNGVWGTSNVINNAGEQSIPIPSCLEDGQYLLRAEMIALHAASSTAGAQLYMECAQINVSGGTATVSPTTYSIPGIYAADDPGLLINIYSMTSSSTYTIPGPDVFTCSA*
g8384.t1,213,Cutinase,2.1e-53,MQSRISSVVFFLWALAATHVQATPVDKRQSLAGVTQNGLSGGCKGMTVIFARGTTELGNVGSVAGPPFFQALSDKMGGDIAVQGVQYPADVPGFLAGGDKAGSAKMASLVTQAMTQCPDTKVVMAGYSQGGQLVHNAAKMLPASTSSKVAAAVIFGDPNNGDAVQGVSSANTKVICHTGDNICAHGDLILAPHLTYGRDADTAASFVASAAA*
g12105.t1,328,Pectinesterase,6.5e-53,MAFKTLLTLLTSATAVLAASRTTTPSGCLHVAKSGGDYTTFQAAVNALSTSSTSDQCIFIDQGTYTEQVYIPARSAKLTVYGYTTDTTGYASNGATITYNNNAASAGNNDASATVRVWSDNFKMYNLNIINSYGKGSQALALSAQSSGGYYGVSLYGFQDTLLANEDQQYYKKCQITGATDFIFGQRAQAWFEACDIRVRNGGYYITANGRDSSSNPSYYLFNNCNIAAASGESVSSRTYYLGRPWRTYARVVFQNTAMSSVVRTEGWTTWDSSTDTSLVYYAEYNNSGDGATGPRVSWAKTLSSAVSISTVLGSSYSSQGWYDSTF*
g4094.t1,234,AA9,3.2e-52,MKAFIALVALVAPLTEAHYIFNRLIVNGASIGGEYAYTRKNSNSYNPAYTSELMNSNDLRCNKGATAGSTQTYTVKAGDKLGFKLFNNEFIEHPGPGFVYISKAPSTAATYDGSGDWVKVMETGLCNPSTPGNDASWCSWQKDRLEWTVQKNIPAGEYLVRVEHIGLHEAHQGKAQFYIECFQLKIESDGTGTPQPAVKIPGVYKATDPGIAFNKWNNPTSYTMPGPKVWDGN*
g2237.t1,433,AA9,2e-50,MKSFTSILLGVIAPFAAAHSTFTTIYINDVSQGDGTCVRMNMNSENSSSPIPSLSSDDMACGSMGEKAVAFTCPATPGDKLTFEWRLWANLEEPGSIDPSHKGPCAVYAKQVPDMSTTAAAGAGWFKLWEEGYDNATGKWCTEKLIDDGGLMSVQVPAALPAGNYLFRPELLALQNVPDANDPQFYTGCAQIQVQGGTTGGAATTLDVPAEYSVSIPGHVKVGEPSVTFDIYAPVFPYPMPGPNVYTIPSSSSSSSSSSSPSKRRREEYATTNGAVLVPSTYLIKEGNWVGVEVPDYADEDGCWAASEDCYDQAGACYDAAPPTGDDNCRVWEAKCAGIQDACSAGDFEGPPNKGQKLVDAEVRTGVVVPAVDNLGGSSGSGGSDDDGDDDADDASADYSASPVVTAAPTAETTAAASTGFHTVTVYVTVTA*
g990.t1,225,AA9,2.4e-49,MKNAVSLVAATALAVSGASAHYIFEQLSIGSTQYPVYQYIRENTNYNSPVTDLTSNDLRCNVGANGTGTETVAVNAGDAFTFTLDTAVYHQGPVSIYMSKAPGAASDYDGSGEWFKILDIGPTFSGSTATWDLAQSYSYTIPTCIASGDYLLRIQQLAIHNPWPAGIPQFYISCAQVTVSGSGSSTFSGVSIPGAFKDTDPGYTVNIYNAFTNYTVPGPDPISC*
g5757.t1,404,AA9,5.8e-49,MFHKILALSMVAAVSAHQNFHQFWVNDVTPGYQVGIRMPPSNSPVTDVTSDDIACNVNGSDVPSGVDTVAANEGDSITVNWDISSHPGPITHFLFGPVDDAAQETGIGAGWFKIDERDYVDGEWANEYLSDNGGNYTFSLPTGLQSGDYLLRSEMLALHGAQTVGGAQFYIGCAQLTITGTGTGSCTPTISLPGAYNAEDDDIYIPDVYNGFDPTTYTAPGGDVAACGAGASSPATSASASSAAATSVAASATSSAAATAATSAASSTSVSAAAAAVTSAASSSAAKTSTPVSSAAPATSSAAASDDEGDDDSCDADDEDDEPSSSAAAPTSTFVTRTVAAPSSSGAAKTSSSKPAASSQASSGSSSGSVALYGQCGGINYSGSTTCASGTCTVMNDYYSQCV*
g11584.t1,218,Cutinase,2.4e-47,MQLFTLLTLATAALASPVIVKDVKRQTVGDTANEFVNGGCRDVIFIFSRGSTETGNMGTVIGPEVANGLKSSLGDSVVAAQGVDYAAALDTNFLPGGADPDGIATMVSLLNQAASQCPDAKILTGGYSQGAAMTHRAVEQLDAATVDRITGITLFGDTQYQQTGGVVGDVPANRVKIYCAVGDLVCQGTLTITAAHLSYGVDAGDATSFLVNLVNAA*
g12682.t1,234,Cutinase,4.9e-47,MKFTASALSLLFASGIVATPVSVDSLRVDRSIAEGQLSSDGLQARQSTSLTANEFNTDGCKDVVLIFARGTAQLGNLGATPGLPLYNQIKSALGSGNVAVQGVNYDAVAHGTLPEGVDATAANNMATLITKVANTCPDAAIIVSGYSQGAAMVHASIKRVTTAVKARVNAAVTFGDTRNEQDGGTIPGISSDRVLIICNDGDEVCDGTLTITAAHLQYTPRVPEAVSFMVSKV*
g9952.t1,332,AA9,8.6e-47,MKNLGIFALAAGSLPTISAHYFFPHLIVNNNFTGHFEYVREDTQGYMPFKDGYDSTDLRCNVGSEGFANQTGVYKVKAGDELGFGTDFNALIQHPGPMQVYMSKAPGDVREYDGSGDWFKIWELGPQQFSSDGITWGVTDIGNFTFTLPEETPAGQYLLRIEHIGVHGAGEYGGAEFFFNCAQIEVESDSTAVPSPVVQIPGLYTGYEPGIEFYMYRNYIVNYTMPGPAPWPNAVDANITASGVSVAPTDATWTLPAVTNTVSAATSAQTTQSAVSESTTATASSSIATLSSSATASLETVLAVSSQTASASSAAATPTKLTCGGHKRRSF*
g2564.t1,262,Cutinase,2.6e-46,MRIQYTSGVLVSLLSLYPGGAVPSPVLGTAIQARQDPNPVNLLLALITQLFPINALVQDLGDLVENAETVFAELAGFDTSENDLTAGQCGDVVIVFARGTSEPGNVGSLVGPPFFKEVRERLSARGKSLAVQGVDDYPADVEGFLKGGDANGSQRMANLITQAQKQCPSSKVIMSGYSQGGQLVHNAAKLLPQSTMSNLSSIVIFGDPFNGYPVQGADADKVLTICHAADNICDHGDWIHMPHLTYLIDAGTAADFALKRM*
g3813.t1,224,AA9,5e-46,MKTFAGIIVAVLAAQGASAHYIFTTFSPGTTKAAAYEYVRRNTNNNSPVLDLASNDLRCNVGGATGANTTTIEVAAGSPFTFTLDQAVYHQGPISLYMSKAPSTAAEYDGSGDWFKTFDWGPKFSNGQASWTMSGSYSSTIPTCIPAGEYLLRIQSLAIHNPGSTPQFYISCAQVKVTGGGSTTPSTTAKIPGFVKATDPGYTANIYNNFNSYTVPGPAVFTC*
g14244.t1,215,Cutinase,1.7e-45,MKFSLSVAQALLVGLAAAAPVELLERKTYGTTSNEYTTGGCKGVILFFARGSTQEGNLGDMPGQQFATALSNAVGTDFAAQGINYSASLLGNLNEGGCPPQEAAEMTSLLNSAASACPNSKLVVVGYSQGAAMVHRSIEDATATTVSRIAAAVTFGDTQKAQDGGKIPNIATSKTKIYCNTGDLVCEGTLIITSAHTDYLSSVNPAVQFVTSLL*
g3351.t1,228,Cutinase,2e-45,MKYTTTLSLVAACWSSLGHAQDCPTGSGVGMIVARASTEAPGTGIIGGVADDVAAQLPGSTITAVDYPATLQNYQSSEGQGVAAMAQLVQNFTASCPGAKMVLMGYSQGAQVTMDVLCGTSETGFATTTPVASDNVAAVVLMGDPSNTPNQTFNAGTAQNAGRFPRQDIASCGAVTDRIASFCNKGDTFCDSGNSLQVHLSYVQTNGPDATSFILSKVQGNTTATRR*
g6347.t1,227,Cutinase,6.9e-45,MKTSAILPILAAGLATASPVELEERQSCPGVYVFGARETTAAAGYGTSKGLVDQVLAAYSGSQSEAIVYPACGGQSSCGGVSYDSSATQGTAAVVSAVTSLNSRCPSTKIVLIGYSQGGQIMDNALCGGAGSTLSGNALAAVKAAIFMGDPHYVYGLSYDVGTCRAGGFAARPSGYTCSPGSPSIIQSYCDSQDPYCCNGSDANHHQQYVTIYGSQALSFIKSKLG*
g14612.t1,247,Cutinase,1.3e-44,MKFSTILGSGLLAVYVSATPIVTTGTSYNVPDGVSIQEMVARGDDNLVKRQANDTSDSSLTANEFLDSGCKDVVLVYARGSTQDGNIGDQPGPQLISSLQTSLGADRIAVQGVDYPAGLAQNLIPGGTNPKDAADMADLIANISSTCPDSQIVLSGYSQGAAMVHRATEGIDDQAVLGQIAAAVTFGDTQKDQDDDQVPNVDPAKTLILCNDGDLVCDGTLIVTKNHLDYTGKVQQASDFITGLIQ*
g13585.t1,223,Cutinase,1.4e-44,MQSLFILLAAALATSVGANPLGIPIDGQIQARQDDGTTENEFYDGGCRDVILFFARGTDQSGNIGEMPGVDLVAQLKTALGDDVVAAQGVNYPAALLDNLLEGGTNLAYATDLGNNITEAASQCPDAQFVVSGYSQGAAIVHGAIPDLSDAVKAQIAAAVTFGDTRAEQDGDQIPDFDTSKTLIICNDGDLVCNGTLIITSAHTEYNDRVPEAVTFIQSKVA*
g14589.t1,329,Pectinesterase,5.3e-44,MKSVLASLGLVGLAVAESRTSAPSGCVTVASSGGDYTTIQAAVDSFSTSSSTAQCIFIDQGTYSEQVLVSARSAQMTIYGYTSDTSSYSGNKVTITSSLSQADGLSNDETATLRVKAENFKLYNVNVNNGYGSGSQAVALSAYAASGYYGVQLTGFQDTLLAQTGNQVYANSLIQGATDFIFGQNAPAWFENVDLRVLTASLGYVTANGRSSDSGTSIYVFNNCDIAAASGNTVSSGAYYLGRPWGAYARVTFQNTAMSSVINSAGWSIWSTSDERTSNVEFDEYNNSGSGSEGTRASFATKLSSAVSISSVLGSSYSSAGYYDASYM*
g8400.t1,220,Cutinase,5.4e-44,MKTSFTTLFAILGLANAIPVDQIHKLDTRQLAYSDELKLGQCAGAVFIFARGSTETDNMGTICGPQTCSGLKLNLGGDAICQGVGTVDGYAGDLPSNFLPKNTNDLAIAGAVKLINQAASQCPDASILLGGYSQGTAVMDNAVQQLSSDVKAKVKGVVLFGFTRNAQDNGQIPGYPTSQTKVFCAVGDLVCDNTLTITPAHLTYGVNAADAAQFLAAAA*
g3173.t1,289,AA9,8.6e-44,MKHSANFVAVAAALARVADAHYIFSQLVLNGVASDDWQYIRQTTRTENYMPTKFTNTYDNLTPSDSDFRCNLGSFSNAANTEVADVAAGDTIAMKLFYDGSIAHPGPGQVYMSKAPTGNVQEYEGDGDWFKIYEVTICDESGDLTKDAWCAYGMSQFEFQIPADTPAGEYLVRAEHVGLHGAQNDEAELFYSCAQVKVSGSGSGTPATTYQIPGLYTESMELFNGLNLWTDDASQVEADIALTPIGDDVFGSSSSTSTTSSVQAASDTTSSAAASSATASHGCKSAKN*
g13945.t1,627,COesterase,1e-43,MKLAILSQIALLATAGLGREAKYSSCAARDENLTVQTSTGTFTGIIDSEFPNTRQFRAVPFAEPPVGSRLWLPPQKPTSRPVDHHYATRFPPSCPQFVTAVPSLFNTNLTSGNLIYNGYQNDTSGLVGEATSEDCLYVAIWTPAADAPKPDAGFPVVFFMQVFTSGGLLIGGIDIPWQMPTSWVERSQSHIVVTINYRLNIFGFPNAKGLVDDDQNLGILDQRAALEWARDNIAATDIHAYAYREDPIAQAYWLQSGLVVNLELEMDTSFSNFSFVARNVGCDMTCTDGDGDVDGAAELDCMRQVPMALIENFIGQYADRGEMPALTFSVFPDDRVIFSNYTALSEAGAFARIPTIISNTANEYSSLVPWPVDNLTAGPDQAEVTELDIEVGVCRTYKSTVYRSRVGVPVFRFQYAGIFPNLNYYAWLGAYHASDIPISFGTYRLLDHVANTTELEIETSESMQDYFLAFVEDPYNGPQEMFDWLPMVPGDSDGGDLLRFGADGKAVQHIHGVEVDGVCYGAGEYNPFPYPMEAMIARTHQETIKRQWKSVSRVCCSIAALERRPVHMIPDAIPGTKVQGVQGSWLVTFEGHDSAAVPKIGELFKVLMPTTTPFEQPDILNTIEVS*
g5367.t2,707,AA9,3.6e-42,MTTFIISFILFYSVLLRTVASHGGLANYTVGETWYRGFDPNEAPEEQLGQSWMVQRRWDSIDPIFHVNDSGLACNTPGTTAVSYIPIAAGDNLTAVYWYWLHPVGPMTVWLAACDTSGGCEKADPNKLQFFKIAEAGLLNGSVPEGIWYQKAFQNWDGSPDLWPVTIPSTIRPGLYMIRHEILSLHIENKPQFYPECAHLNISGGGNSFPAQDYLVRFPGAYQADGRKCDGYAAEPQPGLTWYRPSNLFQSIDKPIEGRALQLFCDTAAPSLAGPLDSYFWTHLVLQFSNFEPAVRHSLVAISSLYEDFHYKGKVTKQLQSNAFALQHYNAAIENLRRLDNEPLILLVCVLFVCIEILQNNRGAAMQHIAHGIVILERIGGAYPWTLEHLSPIFRRLSIFPLFFGGPNNNKFPTLSGLDAPIPPTFATFAEAQYYMDAIVCRASRFIRQGDPYRYGQHVSEPVSPDLLRYQFNLQQTINDWHARFTELAKTLDLSEHQNMACSNVMSRYRIARLWALATFEKCEVFYDNYIDDLNEAIDLAIEHSRRQTHDPTFGARPRFTFEAGFLPSVVFSVMRCRDLRTRLKGLHWLRDCGSSRENMWEAEQMYPVCRKLVEIEHDIVLDQHDQPIGQVPWNVLPPEESRSKDFGSSPTLVCQENADGRKVWGRLASYAMRTPEGVVWTRREFIPWPSDSAQAQVDQVVLRSR*
g3919.t1,536,CBM-like,4.8e-41,MLLSFLLAWATSVAAITVTTADSSYTINTESSYGFTTVISRSTCDITSLKFYGTDYQYGSTYSHIASGLGSATVSYTTSGDYVIVKCVADNDSFDLTHYMVFADGENNIYMGTYTNSEPTVGELRFIFRLTGLTETYPTYSYGDVSDTAGGTAIEGSDVYTVSGETRSKFYSSERFIDNSVYCATDSGASIHACWVRPDQKATEKSSGGPFFRDINLNWGGSYHSVTYYMNSGHVQTESYRQGFHGPYVFAFARSGVPTASSFDVSFFDNLGLTGYTAASGRGYVKGTATGVSSSFPIVVHWYNSNYQGWSYASSAGAFTSPALVAGTYTMKLYQDEFLAATQTVTVTAGGTTTSNIAASNTILTSSHTTVFKLGDYDGQPTGFLNADKQLRMHPSDSRMSSWSPGSVASTSASSWPMAMFKDVNNGQKITFSLSSAVSSAATLRIATTLSFAGGRPQATVNSYTCTAPAAPTTIDSRGVTRGAYRGYGDVYDCALPSGTLVSGTNTVTINVISGSSGDDFLSPNVIFDAIELFY*
g8990.t1,223,Cutinase,1.3e-40,MKFTVSAVASLLVAVASASPIEAELQARKTYGTTSNEYTQNGCNDVLLFFARGTTQSGNVGDMPGQQLATAVSAYYGTSLYVQGVDYPASLDGNFEDGRCPEEYAAKWGTQLAGAATKCPDAAIVIAGYSQGAAMVHAALKTLTTATTTHIVAAVTFGDTYYEQDGNKIPNIAASKTKVFCNEGDLVCNGTLDITAAHTNYRPSVPSGAAFIKQQVDAAKLW*
g2207.t1,258,AA9,4e-39,MNISILLFLLAASITSVLGHWNYNTLIVNGQVAGAPYQYVRRTNNSNPPLQIVNSTDMRCNAGAALGTPLNTETLTVRAGDELGFGIESTFGHPGIQQIYLSRAPDDDGTGTAATAADYDGSGDWVKIYAATTLANASFDANGEGLSWAMRRAHSFRFPLSAATPPGEYLLRAEGLALHAAHKLDCAQFYVGCAQIRVLGNGTGKLEPTVKIPGLYNNTTPGVLIPDFWTKITNYTEPGPSLWPEGTQTQHLVKQLG*
g10758.t1,449,CBM_6,8.4e-39,MKTQRSWPSWLATVTWLISSARADNPVVQDIYTADPAPLVYNDRIYLFTGHDEDNSTTYDMRDWRLFSSADMVNWQHHRSPMNLATFSWAAANAWAGQAIARNGKFYYYVPVTRTGGAMAIGVGVSDTVTGPYVDALGGPLVENGEIDPTVFIDDDGQAYLYWGNPNLWYVKLNEDMVSYSGAPTQVELTVEGFGAREGNPNRNTTFEEGPWVYKRDGLYYLVYAANCCAEDIRYSTGPSATGPWTYGGLMMAAGGASFTNHPGLVDFQGGSYFFYHTGALPGGGGFTRSVAVESFTYNADGSIPLIPMTTDGPAQVGSLDPYVRQEAETMAWSSGIETEDCSEGGTNVCWINDGDYIKVKGVDFGAGAESYTASISSALAGGQIELRIGSVDGTVIGTCTVPSTGGWQIWETVTCSVENALEVQDLFLVFRGNGSDPLFNIDWWQFS*
g3938.t1,1043,Abhydrolase_3,6.6e-38,MRLDFILATALTATATTTAMASSSGSSNKKHRRSCYERAPALMQEDLNVTIVYSPVLYFDVPRDELHRGGGGPCTLVAKFPAGYPISSSGDDLVNVVAASGKHDGAVVGVLRFVSAPNVPTVTVVGTFPCDGVMDYQLEMADRATEANWVSFEQDEDAGLFLEIGDHCRPEPEGELALATAIGDTMAHSYLEYFCLKAIISYLRYSDDEKPAPPSPDDTFTIPSRDGKRKITVNVYQPKIANKPSPVLINWNGGAFVFDAHGADELFCRRVADEAGYIVLDASYALAPEYPFPGGLEDAEDAVLYVLEHPDEYDVKNIVLSGFSSGGNLALGVASGLEQQHADIPNQAIRGVVAFYPPTSMAVHPAEKKLLNGALPPIPPLLKFFMGTFRSAYLPPRVDPSDPRLSVLEADPKRFPNDMLIITAEKDRLAPEAEALATKLQGAGKNVQLKRYDGVRHGWDKTKDEESDDAKVRDEASTNTDSLEARLSRIESKLDSIGSSGNALSLSDLLMAESSAKPDGSLDFAGQSTNTAEILTPESLGDPESHDIPPMREILPTIDSYFREFNCVLPLFHQASFMKLLHEFYSSTSRRSKVAWGIISCVLALGSKVLALEAGPLQREFSKATIQEYESNAQKCIDDFMMWEEDALGIQGLLALVILHQANSNSKPAFMLTNTAIRQAHRLQMYTRESHSNLSPDEARHRDNVFWICYLLDKDLSFRNKTPSIQLDIDLDIDLPREEGDGVLHSIDGLIQFNYFRSRVQLAHLEGKIYDNLYSIRSKKLSRDDRSRHVSQIDVLLDKWQQSIPTSLQDEHMIRRLPRVAAVHMSILYHHYLLCLVSLHGLYSIHSGWMKAIGVYGQTVLANMDNNTDICMRHMQPALPSAWVKCCTASRRSIRLFTSEPQQTCSLWLNMGAYYSGIIILLANCQYYPTDELASEDHRLAKDGIKLLKHLSRIKVNDQLLKSMSILDDLEIVANKAIEHYGGLPETSQPAPISAQETYSISHDIYGNGPFEHLAVDIIDQQPAVNSMWEDDGLEFSYLTTA*
g13005.t1,587,CBM-like,1e-36,MKTFLLLLGSLLASAVSAASYSYPTKPPTVGPFLKQLNGSTWVIGNELWNVTQGQTYGTQLYYKDHDCVGDAVGHYVSYNGAASNLNWTSASIVNEGHVYGSKYIDVKFTANEGDFHWVILSGLAGAYQYFVNHNLPTLGEFRTLWRLDNTTFPNGKTDVRDEELPPLDEYLADLKVQDETWLKPDGSGYITKYDFTSWIRTQTYYGVYGEEFGSWYINAGKDYYNGNHLKQELMVHRESATGDAVQLNMIHGTHFMVSASDVFPDGKLWGPWLWYLNDGSKDDAAARAEKEFSAWPYAWFDDEDYQTRGAVRGRLVLSDGRPASNAAVFLGDNTPNKTALDMGSEYYYTGYADARGYFEFRDVRAGTYGLQAWSNGSSIADVTTSLLHNDVVVVKNRATDLGELKWQISSKQALFQVGDFDRYSYGFAHGGDPHQHALSDKCPADLVYTVGESETVDWCYAQTKLGNWTIAFDLEDSGYPTTNRSTATLIVSLAGYSSGSSASVLANGVQVGNLTSGAGSATNATQGLVSDPCLYRSGTAAGEWRYFEFPFDAGLLTAGVNEVTFQITRNTTWHGFMWDSIKLEW*
g13491.t1,246,Cutinase,4.8e-36,MKTTQALSTLLLAGLSTALPAWPDYSSLTGGLSSFLPTTSTSTGTADAADSSSSATAASGCTAYTVLFARGTTETGTLGTVVGPGLQKAVQSSLGADQVTIKGTSYPADMAGITSEATGSGPGSKAMTADATSVLSSCPDTKIILTGYSQGGMVVHNAAKQINTAGKIKSVLGAVTFGDPYVGQLPTGVDAAHFDSFCATGDSVCGAGSYGCAASSGCKSSSASGHLGYGSDVNAAAAFIKSIAV*
g9805.t1,405,Phosphoesterase,7.5e-36,MYTALLSLPLLAASVAAQAENLYTATATADVAAARATAKTSSPTSNVKGAAFDRFVVIWLENTDYDMAAENLAWLASKGITLSGYHAVTHPSEPNYVAAIGGDYFGMQNDNFNQIDANVSTVIDLLEDKGITWAEYQEDMPYTGFEGMAYVNQETGANDYVRKHNPAVIYDANAGKTDRLSLIKNLTLFYEDLENETLPQWMFITPNMTSDGHDTDVTTAGTWTRDFLEPLLDDERFMQNTLVLVTFDENESYSIQNKILGILLGDAVPTDLVGTTDSNYYNHYSEIATVSANWDLHTLGRFDVGANVFSVVADKTGDVIREWTGEVALENRYFNYSYAGQFNTNGGNSRYPGPQLGDCGLPHNRTVLPSIKEAWYGNPAPVYYDFGLEIPDGLNPPAGYAPVE*
g15432.t1,586,CBM-like,3.2e-35,MRVISSLSCLCAVATVAATPFLTQLNSSTWVFGNDLFNVTQGSVYATKVFYGGHELVGTAAGHYMGYGEYSIALAINRNNPLRTIDTILADGENNFEWTSAAIVSEGDDYVDISFSSAAGDLHWVIFDGLAGSYQYFVNTAVPDLSILRTLWRLDPFLFLNARTYLRDQPLPDFSLYANATKVQDETWELSDGTFITKYDFSDFVRDRDFYGIYGPGVVGSWYIFPGGDYHNSNQLSQTLTVHRESSTGDSVQLNVFQDTSHFRVGQTTPQPVGKIWGPWLWYLNDGSLEDVERQRQEELQNWPYAWLNDTAYHQRGELSGILTLSDGRAASGAAVYLGDTDLTIRPLIQGSNYYYTTYADENGQFSFSQVRAGEYGLYAWSNGGDIGDVYSNFTTSSVVVYENEATDLGTLDWEISGAQRIFQIGDFDKKTLGFKNGGPPYQHGVADLSPANLTYVIDTSAASDWYYAQSLIGTWTIQFALEAEVVANHTSRGALLSVSFAGYSQSAALNISTNGYLLGSLDKDNLASDPALYRSGKTSGEWRFFQYEIGAGLLVEGTNTIDFTVTRYTQWRGFMWDSVILEWL*
g11443.t1,347,Lipase_3,1.1e-34,MKPFTWTYIVSLALGASASPVPDEMKLYLNRATTVTAAQVSSFDLYAEYAAASYCNSEDDVGTVVTCVDDVCSNVTAAGATVTATFAGDATDIQGFVSTDATNKVIVVSFRGSHSVRNWITDLVFVQELCDITTGCLLHTGFYAAWLEVSDVVTAAVAAAKTANPSYSIVYTGHSLGAAVATVGAAYNRKDGYSIDIYTYGSPRVGNRAFVAYVTDQAGAEYRVTHLDDPVPRLPPILLNYRHTSPEYWLADGTATTEDYTASDIVVCEGYASLACNAGTTGFDTTAHGYYFGDISGCSPDGTPLRRRDDTDSSNMTDADIEAQLNEYVVQDADYLATNLTGDIWG*
g12223.t1,232,Cutinase,2e-34,MASRYLAAGIAVLPALAHSANTARAACADVHLFLARGTTEGYPGTLGSLATLVTGSINGSTYENILYPATQEGSTPSYQEGIANGTAQVQAYAAACPDSKLVLLGYSQGAMVVGDMLAGGGDGAGNTLGNYTLPTIDPDTIGSHIAAIVLYGDPRHTANQTYNVGDVAATGKYPRTADQIAAIAKYSDRLHDYCDDLDGVCDAAGTNLTAHLAYAQTWDTKAAAWLEDILV*
g7631.t1,652,CBM_20,5.3e-33,MHALSSLLLLGGYAAQVVFGRPDPEAARFKRKADVLKRDVDSFIATEEPIAYAQILCNVGPSGCHASGVGSGLVLASPSQSDPDYYYHWTRDAALTFKALIDRFVENYDADLQTEITNYITGQARLQTVSNPSGSLSDGSGLGEPKFNTDFSAFTGAWGRPQRDGPALRATALITYGKWLVNNGYTSTATSVVWPIIRNDLHYVAQYWNQTGFDLWEEVQGSSFFTIAAQHRALVEGSNFAALVGDSCSYCDSIAPQILCFQQSFWTSGGYINSNINVNNGRTGKDANSVLSSNSGFDPSLGCDANSFQPCSDRALSNHKLFVDSFRSIYTINSGKAAGTAAACGRYAEDSYYNGNPWYLNTLAAAEQLYNALYVWDQQGSITVTSVSLNFFKDLSSSVTAGTYASGSSTYTTLYNAVLAYADGFVDNVATYAMSNGSLSEQYDRNTGTPLSARDLTWSYAALLTAAARRAGTVPGSWADSNKLATSIPSSCFATSIGGSYSAATPASFPTGQTPSGGSGTTTVKPTTTTKTTTATSTTTTATSCATATNIAVTFNVLKTTTYGDTVKVVGSISALGSWAPASAIALSASSYTSSNPLWKGTVTLAAGQTISYKYIVVSSSGTVTWESDPNRSLTITASCAGTQTVSDTWR*
g12254.t1,398,CBM_20,5.9e-32,MVSSILSSLIFASSVAGHGYLTIPSSRTRLGFEAGTDTCPECTILEPVASWPDLDVAPVGRSGVCGYNARVSVDYNTPGASWGQSTVATYTPGQVVDVQWCVDANGDHGGMFSYRICQDQDIVDKFLTAGYTPTDAEKQAAQDCFDAGLLECTDVSGQTCGYNPDCTSDQACYRNDWFTCNAFNADSRRGCEGVDNAALGSCATTIAGGYTVTKKIKIPDYSSAHTLLQFKWNSFQTGQIYISCADIAISGSGSGGGSTSSSTSTATSTTLSTKTTTTTTAATSSTSTACASSVASVAVSFSESVTTAYGDTIKLVGSISQLGSWAVASAPAMSAASYTAANPLWTYTLSLPAGTAFEYKFVKVSSSGAVTWESDPNRSYTVPTSCSTTASVSGSWR*
g3150.t1,455,CBM_6,6e-32,MYVLRNQLYMTLVLVLSSILAGLTPAEAYNPIIQTVYTADPAPIVYNDRVYLFTSHDQDTATDWYDMIDWQLFSSADMVNWQHHATPVSLSTFSWATEDAWAGQVVERNGKFYYYVPINTSPSWDTFAIGVGISDTIEGPYVDAIGAPLITAGQIDPTVYIDDDGQAYLYMGNPNLWYITLNEDMISYSGGLNEANLTASGFGDRGDGTTNYQEGPWFYKQNGLYYMVYAADCCPENVQYATSTSPTGPWNYGGVAMATGGSSDTNHPGVIEFQGNNYFFYHDDALPGGSSYHRSVCVESFEYNSDGSIPLISMSSKGPTQLVALDPFIAQEAETIAFSEGLQTQTDDDGTVYISYINNGDYSMVAGVDFGNGATAFTASVASATDGGDIELYVGNITGSPIGVCSVNGTGGWTTWTLVTCSVSGVTGTNDLYFSFTGTTSDYLFNIDWWQFSE*
g12558.t1,291,Lipase_3,4.6e-31,MHLAVLLSSILAGVASATKTPIDAGLLATLERYAAFASAAYSSDCSVPPYGSVVETYINDIPTSTQATLFRDDAAEEYIISFRGTSDIQDFLTDLDQDLISCVAPGLECLGCTCSQGYLGQYNAVAAEVKSAIDAGMAEHEGYNLTVTGHSMGGALASLAAASLVGQGLSLTPYTYGQPRTGDPNYADFIDTVFPGTMYRVTHANDGVPQIPYQDDGYRHHSTEYWQSDDPPTTENTFQCEGQEPADCNQSEIGIGIGNGGRGINAAHLKYFGISIGNPLDPNAACRGIV*
g6944.t1,604,CBM_20,6.8e-31,MRSDVALSALWATAAQALTAAQWESQSIYQIVTDRFARTDGSTTAGCNLSQYCGGSWQGIIDHLDYIQGMGFTAIWISPIVTNILEGSGGTSYHGYWAQDITTVNSNFGTSDDLVALSDALHDRGMYLMVDVVTNHMGSPNAGSSVDYSIYTPFNQQSEYHTPCDIDYNSETSIEQCWEVTGAPSLPDLRTEDDDIRSTWNAWITPLIAKYGIDGLRMDSTKHVEKSFWPGWCDASGVYNMGEVYNGDPSVFPDWLNYIDGLENYPLYYWITRAFQSTSGSISDLVNGINTLKGSMKTNTLGTFMENHDQVRFASLTSNTNLIKNAIAFTILNDGIPIIYYGQEQQYSGGADPNNREALWTSGYNTNSDLYKWITTVNKVRNTALAKESSTYLAYQAYPTYSDSHVIAMKKADVVGVFTNAGSSSSATVPGFTASQAVCDAVAGTSYTADSSGSLTLTVGPLPALLVPTSWGICGSSSGGGTTTSTTKTTTAPTTTATACSTVPVSFSETVTTQVGQTIKIVGSIAALGSWDTSKAISMSAASYTAAKPVWTVTVNLAPGTAFSYKFINVASSGTVTWEADPNHTYTVPSSCATAQVSNTWQS*
g3170.t1,360,Lipase_3,1.3e-29,MRLFVPYISLLASISIASPLIETNITPAAARRIPDPPATANQEDLDNFKLYAKYAGASYCHIGNVGAPTFCKGSLCLDNTTTLARFTSSTTDITAYISVNLYRKELVVGVSGGYNIRNWLTDLRFLQASCPYGAFCRVHRGLDQAFQDIADDSFYDSFGESIHNYPDYNVTVTGHSLGGGVALLLGSYIREEFESVNVDIYTYGSPRVGNTVFMNYIRNQPGNEYRITHFDDEIPRLPPAAYLGYAHTTPEYWLRDGPFNRLTYAPEEIIQCDGLVNMDCSGSGYWPAVQSHLYYFVKMTDCGGGHAHGNMDLGDLPQFTQTTWNKTGYDKDLVERLEMFTQMDQQYALVLAQVSNPTS*
g8357.t1,381,Phosphoesterase,1.9e-29,MSSLASMITGCLLLQVALVQCAIVPGKAFDRFISIWLENQDFAKVIADPDFIDLKRYGISQTRYYAHTHPSQPNYLASVAGDYFGLNHDDVVRLPTNVSTVVDLLEEKDISWGGYFEGNPGPGYMAAGSYAPDGTWDYVRKHNHYVSFDSVNHKGERLAHLLSFRDFQRHFAAGTLPQFIMMSPNMNNDGHNTTLSYATKWAHEFLLPLLADGAFAESTVIQLTYDESEDYGKPNQIVSLLLGNGIPKSSQGTEDNDFYTHYSVLATVENNWDLSNLGRYDVGANVFKFVADVTGYANKDPENAGSVDNSISYAGFLHNETKLEVPPPNLKLTGAGGQPILESIRKAWQTDEFKESPYDGSGKVFDGDKSLPEYKIPQGM*
g6027.t1,415,Lipase_3,1.5e-28,MKSTLSTLLTILLAVCQVGLILGSPSHSSSQQYLEPQNSRPHHKTISNHFFATLERLSRLVDIAYCVGTTGLSRPFECASRCKDFPTLQLVTTWNTGVLMSDSCGYIAVDHGANLGSKQSMAPHGNDKQGAIIIAFRGTYSITNTVVDLSTVPQEYVPYPSPEDGGESPPQEPEHRCHNCTVHMGFLASWTNAREDVLPTLKPLVSQYPNYPIYLIGHSLGGAVAALAALEMKVILGWHNITVTTFGEPRVGNGGFVRYLDTVFDLKDNETDPEDWTYRRLTHIDDPVPLLPLHDWGYRSHAGEIFISKPDLAPAPEDIWPCTGDYDPKCAAGSEGEAELSRAARDELLVLAAEEGEMRAEKRWGFPTKFKLWQLFFAHRDYFWRLGLCVPGGDPFDWGRGRYPSSDDGKQTEL*
g6534.t2,679,Lipase_GDSL_2,1.7e-28,MAPLRDTIVTLLVLLFSTLTVAHSEARGRSAGKWVDIWASMPQLTEPANLPPAPFNDTGVVFQNSTIRQTIRATLSGDILRLQISNAFGASDLPITAATIALPVSNGTGSGVSAIDTSTSRALTFSGGLTNYTIPPGALALTDPIFDFPIAAGDIISISLYLADGQTTNTITSHPGSRTTSHFVSGNALNASDLSTDASHQTADHWYFISTLSAYVPDSSALSVLGDSITDGRGSTTNGNDRWPDVLSERVASCSISVLNLAAGGNRILHDGLGPSLLSRIDRDVLAATGVRYAMVFEGVNDIGTAAVDAVSQTDVGNRLLAAYEQIVTRLHARGLPVFGATITPFSGPGQSYSDPEREKTRQRVNAWIRDSGRFDAVIDFDELVRNATQPDQLKDEYNSGDYLHLNPAGYKAMGESIDLNLFEQFRDGVDATTPPQQQLDSHNMDQQSAADTDKQVMEDLQNAWNKAARLQQAVTGANEEAMMLAVRGHEAKDEQIRALNQHIACLENEAKRGQEPQVNDENTEENWKNRCEFAEYWYEKQVEETTKAIQEKESLAIDYNKLVEKYDSDKQKWESEYELSQWLLRDEKKKKKEENDLRQELANAYTNAVVEITDLEQKLKASEQTSQHLTNEHNKAIQQKDQELQGLRAELDIANEAIKEKDEELIRLRAERADASN*
g12094.t1,421,Abhydrolase_1,1.5e-27,MRSSILAVASSMAFFSLATTRAVSPRDTKFAEIQFFGQESCTRAETIGDISVYVQDVEECHTFPTDKTVKSIYTEYLSQGCTHGQITSYLVAGPSSGTPLVFCHGWPAIAMTWGKQIKAMSELGYRVIAPDMPGYGQSTTGGPVEDYSLECVNQKMLSLLSHCGYESAVWIGHDWGAVAVWSFAAHFPEKTLAVACLARPYHTLELGLDEVKKHINRNVYPEATFPNGQYDYQVYFEDSFEESVEWFEKDISGVIKAIYTKGKREEVGVPGMTASVTAAGGWFGGSSAPPSFLRTIPIEALCVDEEILEEICEAMRKTGFRGPNSWYLNHARNRQYTLHERKGNGRLDMPVLFIGANWDPISDITISTISDAQKSLCPNLTEVCFDAGHWVALERPEEVNQAIAEWLEQFVLEHTKTKIA*
g13941.t1,354,CN_hydrolase,1.2e-26,MVSQTKGWGLWLSVASSGFGIARASSCNLSAPYANLDAENFVVAAVRQPPVNFALPIGLNKTWVDLDLNATVAQAIETVQQAKDDNVAFVAFPELYFPGYPVAINTAYTPSQIAQYVSQSMSIDSPQFASLVKAFADAGIYGTFGFSELADDMIFMSQVLIGPDGSILHHRRKLRPSGTERDIWSDGDISGLKVIPTPHGRIGLLECWEHFHPTMTFAMQAQMENIHVAAFPYAPDFGTDPAAWESAEVGVAAARVYAVNSGAYVIMPMVGTAAIFAAGGGDMKIINATDAPDQRYITATLNTTTFSNVTYDVDGEQSWGALQQMIEAFPSYIPRVASEFFERKNNSIESITE*
g347.t1,300,AA9,8.2e-26,MLHYSFITTLMALITVSDAHFTFVRISVNGEWREPLRFIRNKTAPFIELWTPNTNRNERIYNEPTYATDLVESTRCGRDNMAHANSTEVLQIRAGDIIEFAHTRFDPVEWVDAMCDSQHIMDINHPGPVMAHLSRVPDGMNITEYDGAGDWVKIYTLGLEWMINQTEPIRWRAYNNGGLPERFVFQIPLQTPAGQYLLRMDEVNTGLEEHNAVFNSSSPAQLYPSCAQIQIESDFSGLLPEGIKIPDALQHTSPGMASTLSMYRFQSLDADYVYPGGPLWDGVDSVQDKPTALNSSETS*
g15465.t2,430,Lipase_GDSL_2,1.2e-25,MALPLFLLLLIPSHALPLGLDSLQSRQDANHWVASWTSMPQLVEQSNLPPSPFQGSSTFKDATLRQTVHLSVGVERVRFQISNAFGGSDLPITAASLAFPADGKAGANAIDTSRLVGLSFNGSSSTIVPKGQVVYTDAVDFQAPAQSVISVTIYSQTGQTGSSITGHPGSRTTSWMQQGNHVNASVVTGASTAHWYFLSAVEAWVDESTSALVILGDSITDGRGSTDNANNRWPDLVLAKMQKSGVANIASDNQAAGGNTVLTGGLGPPLMQRYKRDLLQTAGVKYALIFEGVNDIGGGSTDSSTQSRIGDQLITSFQQIASDAHKAGITVFGATITPFGGNGQSYSNPTREATRQRVNKWILSGGNGSFDAAVDFAKVLADPANPANLASQYDSGDHLHPNPKGYQAIADAFPLAIFNSSSALHDTKE*
g14877.t1,386,CBM_20,1.7e-25,MAAVKTLATLTFVTLVNGHGYLWEPPSRVRLNYEAGVDTCPECTILEPVESWPDLNAAPVSRSGVCGYNARVSVDYNPPGANWGSEVVETYAAGDTVEVVWCLDANGDHGGMFTYRICQDQDIVDKFLDPTYTPTDDDKQAAEDCFESGILPCTDVDGQTCDYSADCAEGEACWDNSWFTCEQFGNGGCMGVDGAALNSCSTTIAGGYTVTKKIKLPDGYTSDHTLLSWKWNSFQTGQIYLGCADIAITGGTGGSDPEPTTTATATATATSTATTSSAPAPTATGGSDGCAVVFNEAVTVASGVTVKVAGSIEELGSWDTSAAVALTSSGSSWSVTVPIAAGTSFEYKYIQVDASGNVSWESDPNRQYTVDASCAAAVSVDDTWQ*
g2568.t1,371,Cutinase,2.8e-25,MPSSRSIVSAAVLLGASAVNAQMSTTTCAEVHIFLAKGNNEPYPGRQGKLVTAICDGLASCDYEDIVMDNMIDDEYCGAVYQGATNGYSQINDYNSRCPDAKLVLSGYSQGGHVASDILGGGGGTFYNDCTEDTTPQLSSSSDAGKMIKAALTFGNVRHTADQPYNYESGAADDSYFPRDSAMQALLDEYEDVWRDYCVSGDPICAQGDTVADHLSYFDVYTDSAAEWVKGLLDAETCDDCSTTLTVATSGWESSTVAATASNTGTSVPATATPTGTSGTSTATILPEATASTTENLSSTPTASATGSASSTGSSGSTPNSESTCGCGQEEAQDGGYNAREMGTATPIPYQSSSQDALKKPIHWTRLENP*
g640.t1,578,Phosphoesterase,3.3e-25,MLAQAFALLVAAGVAVGQQVSNTATNTQAVDQAAATALTESPTSYVKGKLFDRIIQIYLETTYYDEAVANPDCASLYQKGILLTNEYGVGAPSQPNYIAPASGDTFGLNSDSFLEVDRNISTIVDLLEDKGISWGDYNEGLPYTGFNGFEYSNPTEGNYARKHNLLQRFRSVTDYPRRQAQIKNFTLFYEDIQYRRLPQWVFITPNLYNNGHDTNSTVSCKWVRGFVDDLLQDTYVNKNTLIYVTWQANGEYPELRNHVAGIQVGSAIPPQFIGYKDPYYYNHYSELSSVEANWGLHTLGRWDVGANVWSVVAKKTGDKERLWNEYIAKDPFEYYYWNQSYGGVFNNYKYTDHEFVAPNVNLVHNGRSVLPQIKQTWYGSRLPDYYSDIIELPDDFHPPCGFQVPIPWQPADPIMTPISVYPPEDYATPTGDYYIPTICRTQYTSPTFTTKPTVKPPPPPPPKPQPPKPTVKPQPKPQPKPQPKPQPKPQPKPSPKPQPKPEPKPGNGNGGNFGGGNQGGNFGGNNGGNHGGGGGGFGGGQGGGNNGGHGGGGGGGFGGGGGGFGGGGGGGGGHGGH*
g14982.t1,413,Pectinesterase,4.4e-25,MLFPRIPAVLAGANFALGALAVCKASPSQTYADCQKKTADPLSGCPDGTLYVSQNDTTANFTSIQAAIASLPNNTDAYTILIGAGIYTEQLNVTRQGPLTLLGQSDRPANGESYSNVFGSNATDQAAVNDVQIYWNSANFNKTFTDNVYTGVLTIGPTLNATLTGSGPTGFAVPDDTPFGCSKFSAYNIDFRNEQYPYSNGPAHALGVSRANAGFYSCGFYSWQDTIYIGKLGNAYFHDTVVAGETDFLYGFGTFYVANSTLSLRSCGGGITAWKGTNTTFDNKYGVYIADSQVLAANTSIAPAIVDKCSLGRPWNALQRSLFANTYFDPSVLPAGYTEWSGAVNGNMGVNTSMAVYNVYGPGYDAAAEEASNVTIVFDEEQAAPYLLPEDVFMTEDGSQPNIAWIDFDGAS*
g13885.t1,229,Cutinase,2.7e-23,MPQLLQFLALQALFLSAHATPLASARAASDCSSYTIINTRGTGEAQGESAGFKTMNSDVTTQLSGGKIYNTVYAADYSQNSEAGTQDIINKVKSTLQSSPAECFILEGYSQGAAATVNALPSLTGDLFDAVKGVFLIGDPEHKAGLDCNVDTTGGDTTKNVNGLSVGLGKSIPDEWISKTLDVCAYGDGVCDTTHGSGINAQHLSYPTDSNTQQLGETFIIKQLGGST*
g4958.t1,312,Lipase_3,1.2e-22,MLSSSISFAGYSLLIGLSSLVQAHPTDLSYLTNRADLPFPVSDFTTTVGSVQNTYCGSTFNQPGQKIGDQTLLKAYGNGDSSQRANIYHSESLGIIVAYEGTNLSSLISIVHDVTAIAVPPSLALGIPLDNFVYGGWQDAWLATWVGVQQGLREVTAQYNTSKIVVTGHSLGAAIALLGALAIEKEFGNVDKVIAYGVPRVGNPAFANSFDKIFGGRYTGVTNGNDWVPSVPFEWMGYRHPSGMVWINPANTTSWTYYEGQENPKGPQAAGTPEFFYPGTATLYFGDHQGIYMHNSMGTTYGPCPAAAGGY*
g3022.t1,790,CBM_X2,4.1e-21,MSLTTWLRLSVAAVSTLGASAATIPRAATCTDAWTPITASDYIAAINPGWNLGNTLDAVPDEGSWNNPAVVQATFDDVKNAGFKSVRIPVTYADHFTGSSPDWTINSTWLQRVSDVVDMALSSGLYVITNVHHDSWEWADVTASGANLTMIEEKFYRTWVQIGEVLACKSPMVALEPINEPPANTAADGAELNKLNELFLQALAESGGQNALRVVTLAGGGMDSVKTSEWFEMPTGGYKETQYLAIQYHYYSPYDLIFQAWGKTIWGSDADKAAMEADIANIRGNFTDIPLVIGEAEANMLVEPAARRKYIDFLARTAHKYDTSLIVWDNGEGYLDRTTHTWRDPDIVDILLNAVQGVSNSLSDSTTDTSATSQSSSAYIFHKVGDEVTDQTVTFLLNGNTVSSIKATDGTTLDPSSDYSISSGDVTVKSSFLSQYLSATAEPGSKTNLTVSFSAGANANVEVVQWDVPVLGSTSSQAVSGSDLVIPITWKGLYNLAAVKMLRSDGVYLFDDWTQYLGPLQQARGTYSGQWDRDGASVKLTAATVAQVISGGVDTTFTFEFYPRVPGNAVNYTLTNSAIGYATSPTIGKGTWTDHGSTGISTTSGSNRNAIDPGLFLDPASGNYYMSFGSYWTGIYVVPMNAAATQVANNAKYTNIARQPSAPGAFEGSFLVFRDGYYYLFFSEGNSGDFDPKALPPAGKEYKVKVCRSKSVTGSYVGPAGGNCLEGAGMVLLGSHGDVYAPGGQGIFDDPKLGTIMYYHYANRTVSYKKAQFQFGWNVLKWVNGWPTL*
g2968.t1,432,Pectinesterase,1.6e-20,MIPSTIAAIAATLVSLASAAPRHHYHNSTGPAPANTYAACQRKTHNPLSGCPKGTLYVSQANKSHADFTSIHAAIASLPDDDSAHIILIAPGNYTEQLNVTRPGPLTLLGVSDDPSRGLSYGGPAVTSDTDRRNEVQVLWAAANSDNTGKITDNAFTTVLTVAPTWNASLTGTGPTGFPVPADTPFGSSDFRAYNIDFRNVFSEYAAGPSLAVGVAYANAGFYGCGFYSYQDTVYVGKLGNAYFYDNVIAGQVDFLYGFGTAWIEQSTLALRSCGGGITAWKADLAFSFFYPGTNTTFENKYGVYVSSSNVIAANATVAAAIAGTCPLGRPWNNLHRSVFSDTYLDASVLPAGYIIWQATDPRFAANVTLEGVYRNRPSPGNDVAAQLASNVTTVLDAAGFAPYSSPAKVFITPEGDVDNTAWIDKSVYRE*
g10020.t1,506,Abhydrolase_4,7.3e-20,MLFKRYVFPASAAIAVSAKPLNIRAGQNSTSGSIAWGDCEDSINSTLPIQCGTLTVPLDYTNTSDGRTIDLALLRIPTLNTTSKGSILFNFGGPGAEARHTLVSYEETLMMSTGGQHDLIAFDPRGTAEALAYDCYPDPAKRPTPPVSDSTDKALGDVWALGGAIAQTCFNNTKDTAPYIGTAFVARDMMQIVDALGEDGLLRYWGISYGTVLGATVAAMFPDRMDKLLLDGVVNCHNYYHKTGIDVDQLLSSDSAFTETLDQCIKAGDLCALSQINSTALELQATLMSLAEDIRLNPIAIEGIVIDYAAVINLYYIAIKLPAFQLIAPYILILLTRENLESLATIYIELTNSITPSNPDALLGIKGGDTFPRYDSLADVLPTIDYMKQTTSLFWGLTTIHATMYAQWPFEAKERYDGDFNVSTPNPVLFVGNTYDPATPLASAYNMSATFEGSVVLEQHGFGHASVAQPSNCTASIIGDYFVNGKLPAPDTICEVDKPLFVPLD*
g4611.t1,362,CN_hydrolase,2.5e-19,MHTWPFTLVAAAACLQACSASCSTVEKDNLTVAMVRSPPPNWPLPILNFDWTGITFNMSQTVDKGIELINQAAASGADVVMFPELWFPGFPKGADADWSMDFLPDYIENSFVVGDENWNRLMDGVVNAEVYAQINFAERTDDYLYMAQALVSPVGDILIHRHKLRPSGTERALFTDGTIGEIVAKTTPFGRVGLLECGEHWYPSMTFTLQAQRENWHLAPFPYMLDPNNTEAAWWEGAFANIGTLGHYANLAGAYSFTTAVGVAFVVTPLAQLDGYMSHLVDFDEQPIYFHSINTSSFDSSVTYDADSQTSWGILQQILGGFPSYIPHDEGDFVKWHSVNVTEEMSGTYNMSATGAAGPGS*
g10024.t2,552,Abhydrolase_4,2.7e-18,MKVPIACVALLPVVLATCSQTCSLDSIVPSQNLTWCPCYTSFYCARLDVPLGYQNPELGRASVPLLKVPAQANSSFGQYQGMLLINPGGPGGSGVELALDNGTLIQSIVGTNWDIVGFDPRGVAFSEPQANCSYGITPTGNSNLTSRTVPRVDDEFFDQWIEYGQDVGQQCETLIGGDTAAGQHMSTAVTARDMLSIVDAFTETKDGMRAAKPKGLLNYYGISYGTFLGQTFASMFPERVGNMALDGVVSPEGYLANFTSESVTHLDGIVAAFFIYCHEAGPSLCPYYTGSTPRDIFDRFNQSFSQLDPQRAQSENWSNATDIEAALVVLKVGVLTAVNSPISNFATFADVMVSLEASIAAQNISAWTQAAEAIYGDPTPVGNSNIEWTLGVLCSDQNNTWYGKTLEELRPQLAQLEGQSIIGEVWSKSMLGCLGWPIKATEIFQGPFGGDTAIPILFVSNTYDPVTPIENSLSSAPKYKNAEVLTVDGMGHGLSATFNTCAYTKMAIYFQANVLPGNDSFCALELGPFGVVLNRTLEENIRRAGLATLDQ*
g700.t1,294,Esterase_PHB,8.2e-18,MKLFTIVRNIVAAAALTSAASLQQVTNFGSNPTSINFYIYVPDKLATNPAIIVALHPCGGSAPTWYSGTKLPSYADSGGFILVYPGTPHNSNCWDVNNAASLTHNGGGDAAGIVSMVNYTLDKYAADKSRVFVMGSSSGAMMTNVMAGSYPDVFAAGSAYSGVAHACFFGSASSTPFGANQTCARGLTHTAADWAAFVHNSYPGYTGKYPRMQIWHGLADNLVYPQAGYEALKQWGAVWGLQNAKNNSGVPSSAYTQILYGDGSQVVGYFGQGVGHTAPVNEQNMLQFFGLLT*
g2869.t1,668,CBM-like,1.2e-17,MMRNLLLSAAFAPAAVVLAALNATETSSELIIANDRLYASVNKSTGSVETLTLDGQNLLGTKSGSTGVGPYLDCYCIPSGFWTPGSASPSYELYNGTDSTGTQYGGIKMSDTYPGTGQVLETYWFLRDGETGLHMFERLAYYNETTPFLRNLQEFRTLFRPNSAIWTHLLTNEEQWAPLPSKEAIANEVVVQDATWYLGNTPNDAYVQQEADYFTKYTFSDTWRNNDVHGQFADGTQTSDNSTYGSWLVMNNKETYFGGPLHSDLMVDGIVYNYIVSNHHGDQTPNITNGFDRTFGPHYYYFNHLPAGTTILESHADALQYANSSWNADFYDSIAQYVPNYVPTSERGCLAVEVSLPDNAANAIAVLAQNAVDFQDNVLDVDAYQYWAEIDSATGTATIPRVKAGTYRLTIYADGVFGDFVQDDVVITAGEEQTVTVEWSEETAGTEVFRIGTPDKSAGEYRHGYARDATHPRQPEEYRIYWPVYDFVDEFPEGVAYKVGESDASTDLNYVHWSVFGGYGNSIRTEPYAGDGNVNNWTISFDFDQAQYPDATEGIFTVLLAGAKTAAGNTDVYNASEPHANLQYTVNVNGQDLEPWVIPYYQSSSCAVRSAVICYNVGHKFTFPSDLLVTGENTFILSLPYNATDYESAVLTTTVYVQYDALRLELS*
g3050.t1,627,CBM_20,6.2e-17,MMLLTSTLAAIGSLGVLASAAPGDVARSSVDIDAFVTAERSIALQGVLNNIGANGSLADGAAAGFVVASPSKANPDYFYTWTRDSALTLKMIVDEFLLGATELQPYIEDYLHAQAVLQTVTNPSGTLLPSGKGLGEPKYNVDGTRYNGNWGRPQRDGPALRAIALITYSNWLVANGQVARAKTVVWPIISNDLSYVGQYWNSTGFDLWEEVSGSSFFTVQNQYRALVEGATLAGTLGVNCTGCDQAPEVLCFLQSFWNGDYFIGNINTNTVRNGLDANTILGSIAIFDVNASCDSAAIQPCSSRGLSNFKAFVDAFRNGSLYPINEGIATDSGVALGRYTEDIYYDGNPWYLITSGAAEYLYDAIAQWTKQGTISIDDISLAFFSDIFPNAAIKTYSANSTCSGFSQLVEAVKAYADSFVSVVEQYTPTNGSLSEQFNKTAPGNPLSAYDLTWSYAAFVTMAERRAGQYPPSWDPSTLATFLPSVCSGSSTQGIYVPAFAAGAPNVSTSCTSYVQFAVNASTYFGENIYLVGNTSDLGAWDVDNAQPLLSSNYTSERPLWYAPIALTAGEYINYGYARQEDCGQPWIFEAVNRTLLVPECDENDVEAIRAETNDAWTGAVGSSGGC*
g6793.t1,325,Esterase_PHB,8.6e-17,MRLTSGLSTALVSLFLSSIAPVCHAANFTLVTEDFGPNPRNVGFYIYVPDQLAESPPILVNPHWCHGAANDTYIYSQYANLADQYGYIVIYPDSPNLEDKCWDVSSNETLTHDGGGDSLGIVSMVRWTLEKYNGDASRVFVTGISSGAMMTNVLLGAYPDVFAAGSAWAGVPFGCFAGDGYDVWSDACATGQVTHTAAEWKAIVQAAYPGYDGWRPKFQLFHGTADQVLNYTNFGEAVKEWTAVFGLSDVPTSTTLDWPKANWTKYTYGNDWFEATSAFNVTHDISTNETVVLDWFDLTCTTGGCFQWGTGGPSNGTSYRRWTV*
g5107.t1,301,Esterase_PHB,1.6e-16,MFLKLITFLLLAITSQLAASGPTQKLGKRASLTQVTNFGDNASGTLMYIYVPDNVASNPAIVVAIHYCTGTASAYYSGTPYATLAEQYGFIVIYPQSPYSGTCWDVSSTAALTHDGGADSESIANMVTYTISTYGADASRVFVTGSSSGAMMTNVLAATYPEMFAAGVAYSGVPAGCFYTGTVDGWNSTCSQGQVIESQAYWTNVVEQMYPGYTGARPRMRIHHGNVDTTLYPQNYNETIKQWTGVFGYSDTPQQTLVNDPASPYTRYIYGENVEGVYGTGVGHTAAIFGDADMQWFGIA*
g1719.t1,577,CBM_20,2.2e-16,MFDSKALLVVALSLSSCSLVTGQILSTVEVGATSTATKTATATTASATACTTNVLGLASPQPSGAVCGVAAVSNGGTTIISYSSGTYILSVENCKNICFTTEGCTNIYFAEGQYCNLHSGLETHVATSGSIYDFYDSSCFICPSTCGQGGYAAPSDAICNEPAVSNGGTTIISYTSGAYIESIDACSAICLQTTGCTNLYFDSGAYCNLHAGNQTAVANSGSVYRFYEASCFECTETSAIASSTTASSASSSSSTSTVKTTISTSITTSATSDATGTPWTSIETDVSKYNMALTTTYTQSPQCTGSITQMAYHGTNLWENAINPVHTSTVTTCYPSQFYSSVMAELNSVSLPAFNTLVCPAGWKANLWNETYGACCPSDFGVYAPYITDYPDRPFYYAACTSNMPANRVYELTSYDSTAYLTTISTAAPSTGTMVRVNAFDGFITGIPTSTVTSTGTAATSSASSCATPAATVSVTFEIEYTISSDFDGESISIVGSTDELGSWNMSNGLAMSSAFYTRNNPVWDLTVALNASESIEYQYVLSFANGTNVTTSEPYYNLTVSDGCPSTQSITDVWR*
g926.t1,244,Lipase_GDSL_2,3.5e-16,MLAKSLFIQALAAAGAVQAQNTTTLRYMPFGDSITEIVCWRAKLWEKLQGTEWAGVNWVGSGKTENNCKDTKYDRDNEGHSGFLAIDIANKKQLVGWLQTNPADVITMHLGTNDIVQQNKPVNDIIAAFSTLVQVMRDSNPKMKIIVAQIIPMGLGSYNTQIQALNKAIPTWAASKNTTDSPIWVVDQYTGFSGSSDLRDGVHPNDSGDTKMANVWYPALVNALQVAQAGKQSTRDIEVAFTA*
g13540.t1,276,Lipase_GDSL,2.1e-15,MHFPTQFQLLGLLASQAVAVTVFLCGDSTMAENGGGSGTQGWGHYLQYSLPSSTYTVQNSAIAGRSARSYTREGRFQAVADQVKSGDWVVIEFGHNDGGSLTPTDNGRTDCFGEGTQTCQTTYNGVSETVLTYPAYYENAAKLFLAKGAKVIMSAPTPNNICETGTCSWGPYRFDYYSWYAAAVAGGTGAGVYHVPHGYYAAQAMTNLGASVVNANYPLDHTHTGPYMADIMAKAFVLGLKCGTSGLGAAVVNSTSSMTSTILGPCISFNSTVPI*
g4254.t1,1417,Lipase_GDSL_2,5.6e-15,MPSWVKGSLLIALLSACFNNANLVCATPLGLYNDLPHRQSHPFAEFGLAGPKARDDKVPLRILGLGASIMSGTGSSTGNGLRKPLRDALRLDGYEVDMVGSRHGGTMVDYEHEAVPGDVLTQILARVQNSVGYKPNVVIINGGTNDGNGNVDVQNIGIRMEDILNALWAADGMADTCILLSTLIPTANANGAANRDTINSQYRSVVARQSAAGKCIYLADVDPGGQQWLVIPEDYLDGETPHVHPNDTGHKKMAAVFYQSLQKALLDGRVVAPGDFDVVASGTICDKEAGTGTDAGGLTQRGSGYGDGIYYHDSEEEGVLWTAESDWDRGQWKFARLFSQNYDDLLAWISETDTSQVYAVWANSADGKASFTQMSDLVPDLNCEYAEGVNFIDMNGDGLDDLVYIDADGNAYLSINQGDGDRAAGKSPTFKRVSDTAKIKDTEGSERSHVVLADIDGDGRGDYGVIDSSGNVNFWRNGWIDDIPAYWQALGQVFTGKDLGTVTATRFEDINGDGRDDWLWLDKTGLGYIYTNSRSCAKGLEGNGLHPAWRQGFYTGESSGPAYKGMDAYNTDDESDLRDRIHFARIYGQSTVFGNLPKQDYVFMQHTKLDSGKHQFQLRVWKNTGSGGTKLLADGNKYCNMMGHTSGAVDYVWAYSFGTMEMWANRGKGTITDLDSEGYWDYQGTIWTPPSDMNRKDLHLQDWDGDGACDIIYADPDSGAVQVWINNYLSTGAWDWTHLSNPAPELACSHKRGLGFSDLAVRFADITGNNLADYLCIAPDSTVTGFVHQDDDTWEQIDQIKVSITKDRANLRWADVNGDGVDDMLWIEKFSGDAYAWYNQGRGDPAVLLGSSFSWRQQDDPAYAGLVAGTCEYFADLNGDGYADEHYVLGTFNNEARTSLAPGCGLTDRTGDDDTMDGTLPTVPGSTTDVGTGEGTCEDGTSWRCLVCTNEDDRDLVAALLSPYERWLNAEAQNSVSDFALWYSQQGNTDGQFGNYLTSYYDSTIDLTCIVGGNVNINCWSDASCDNSQLTLAGYLVISSYVRIFRFYQSWWDALDDVLIGWGSISDDFVDTFVHKNNDVAATLNRWLLETVLEAVGGKLWGGFSKGLDLPEDNDAVSVAEGAFEDAYGQASDKLVEYLGLSEDDDDASADMAEAATQVISIQKDAVGNYTNWLLGGGIDAVDQFVSQVAHGTWFQLNNDTTDDARTRARKMTMAKLIPFAWSHDGTFMPVIIVSDNADDTDNPFSALTEYITADQAKSVRYNYNGKTFWAIGFESCEGWSTVSDKCTSTSTPFSMLDGHGDLDGSVEEWGYLSLEEMVQSSWLGYKLNGYANGYDITTADNAEHILDESGNTSRYQYLQGVLSPGYVSIPMCKVALARVNWKAGDKDSCDTFPCCSCDTYGLSGCDDDSDYIIQV*
g2559.t1,293,Esterase_PHB,6.2e-15,MLFQGILAGLLASCASAASLTQVSNYNNNATSKAQMWVYVPDKVVTKPPLVVVIHSCQSTAQSYFQNSKIPWKQGSDKKGYITVWPSSPNSGTCWDVSSRQSLSHLGGGDSQAIANMILYALDKYQADPARVYVTGGSSGAMMSNVLAATYPELISAVSLYSGVPAGCFVSSSGGVDQWNNSCSGGQVKDSADQWKQVALNMYPGYDGARPKMQFWHGSADTTLAPQNYQETLKQWTGVFGVSQTPTAERKNYPQSQYTTDDFGPNVQGIYAQGVGHSVPANLTASEEWFGL*
g4171.t1,411,Lipase_GDSL_2,7.7e-15,MGKYLLASIALASTVAAQQPAWGQCGGETYSGETTCVSGYTCVAVNEYYSQCQVAAATSTSTLVTVTTTSAASATTTTAAATGSTDIQFLGRVNPATRELSWPGSGLGFTFVGSSASIAVTSVWGANSVDLFIDGGDPIVISNVEGTSISTPSGLSSGNHTVELRKRSEGSMGSVYIGEVTTDGTLGTYTVSDRRIEIIGDSITVGYGLDGVYPCTNNASVEDNPLTYGAVAANTLGAEYSVVAWSGKGVLRNYAGDETELMPELYTRYGALDADNSYPFPAATAPDAVVINLGTNDFGYLGNRDPIDVTAYTTAMVDFVQSIQGHYPDAQFFLMSSPMLSDTYPTAEDAQKTTQTNALKDAVSQIGSTAHFVDWPTQGSDVGCDYHPNAATNAAEAVVLASAISEVLGW*
g3948.t1,251,Lipase_GDSL_2,2.5e-14,MFSPKTYLALYAVALTSVLGTPAGESSRHSARDSLAGGIGLRIEPLGASIIHGVASSDGNGFRKYLRDALISNGNGVDMVGSNPNGTMRDNDNSGWPGYVIDEVHEMSNIDTSNYKPNLVLINAGTNDALQNIDISNAGTRMTNMLDDIYTQSPQATVILSGLLRNGDTDADWRAKQINFQYQNLVKVLQLQGKLIIWADMQGPDGPTLADISSDGTHPLDVGYKKMANIWYAAIQTADAKGYLQQAEWS*
g14772.t1,865,CBM_1,3.1e-14,MKHFSSSSLLLAAAALVEPIRAALSWQNVKIGGGGGFTPGIVFHPETAGVAYARTDIGGIYRLNSDDSWTAITDSIADNAGWHNWGIDAIALDPQDDQKVFAAVGMYTNSWDPNNGAIIRSSDRGETWAFSNLTFKVGGNMPGRGVGERLAVDPANSNILYFGARSGNGLWKSTDGGVTFSKVSSFTAVGTYAADPTDTTGYNNDIEGLTWVTFDSTSGTTSGATSRIFVGTADNTTASVYVSEDAGSTWSAVAGQPVQYFPHKGKLQPDEKALYITYADGTGPYDGVAGAVYRYDIAAGNWTNITPVSGSDLYFGFGGLGLDLQNPGTLVVASLNSWWPDAQIFRSTDSGATWSKLWEWVSYPTMAYYYGLTTPLAPWIKTGFVDVDTKKLGWMIESLEIDPHDSDHWLYGTGLTIYGGHDLTNWDTVHNISIQALADGIEEFAVQELASAAGGSELLAAIYDENGFTFASASDLDTPPQTNWLNPEWASSTGVDYAGNSPANVVRVGNVAGTQQVALSTDGGASWNIDYAADTATYGGSVAYSADADTVLWSSSSNGVLRSQYQATFSAVSSLPSGAVVVSDKKTNTYFYAGSSATFYVSTDTGATFAAAGTLGSATAIRDIAVNPATAGDVWVSTDVGIFHSTDHGATFTQPSTAVTNTYQIALGLGSGTTWNVYAFGTGSAGARLYGSGDSGATWTDLQGGSQGFGAIDACRVAGSGNTAGQVYVGTNGRGVFWAQGSIGSGSSSPTTTTTTSRATSTSTSSTSSILTTSSSSVRTTTTTTARSSTTSTTSTVITSPTVTSTSTTRAGTTSSTSTSTAASSTTTGVAHYGQCGGSGWTGPTVCASPYTCTVQNPYYSQCV*
g4215.t1,451,CBM_1,4e-14,MKYFAGLLALAAAASAQQPLYAQCGGLTWTGATTCVSGAVCQVQNDYYSQCVPGTAATTATSTAAATTTSTTGRSSTTTSAATTTTKATTTTAATTSTRTSTGASKATGFPKTDGLKFNLDGVTKYYPGTNSYWISFLTSNDDVDSTLDDLVDNDLKILRIWGFNDVNTVPTDGTVYFQYLSSSGSTINTGADGLERLDYIVSAAEARGIKLVIPFVNQWDDYGGIQAYVNAFGGSKTSWYTDAASQAQYQAYIKAVVSRFVDSPAILAWELGNEPRCNGCDTSVIYNWAKTTSEYIKSLDSNHLVTTGIEGFGLPGDGSYPYTYGEGTDFVALLNITTLDFATFHLYPNSWGEDYDWGNDWITTHGAACAAAGKPCLFEEYGAPTNHCSIEAPWQATAISTEGIAADLFWQLGVTLSWGKTSDDGNTIFTNTSDWTCLVTDHVAAIDAL*
g6306.t2,373,Abhydrolase_6,7.3e-14,MAWTNTLLRSLTAAAAFATLAAGKKCVTFTMPVPVNARNAVFDIDTPETNIDVTNFFLDLSRVNNNLTAKVLTGYTNVSGIYDIEGTYCEPENKPMGVQVLVHGIGFDRSYWDFPANNYSNSYVDAALAQGWATFAYDRPGIGQSAHGDPVNEIQSFLEVEVLVAITKLLRNGLYGPTPAYKKVVHVGHSFGSIQVYALADQHKELTDAICLTGFSQNGSYNTEFQLGGNFVQANTIPHLSDYADGYFASGSESGVQSNFFAPGDFEPEFLEAAYNASQPVTVGELLTLAAPVSVINHYDGPVKIVTGDLDIPFCGGNCSVSSPSIPQSAVAFFPEAAYFKTYIVPGAGHGLNLEKSAPDTFDAILNFFAII*
g1840.t1,359,CBM_1,1.4e-13,MKYALTFGAIVAPMVSAHGMIKTPTPRGAGSAMSSACGSQIYNMMSSDAYGNIQGETQLIGSDFTDECNLWQCKGMQYSDNTANVQSYSTGDVVDITYDIRAPHTGTANVSIVDTASNTIIGDILASWDVFASNSQASAANETSFSITIPDLGGKCTTGGECVIQHYWDSQSAGQTYESCIDFTVGGSSSGDSGSASTTTAAATSAAATTKAATTSQAATSTVAVTSSTKSVSAAAAATTSAAAETGDDDEDDSCDADDDDEAEDTGDDEDDDSCDADDEDDEPVTSSAPAASSAAAPTTLVTRTSTAAAQATSAASSGSSSGSVALYGQCGGINYTGSTTCASGTCTVMNDYYSQCV*
g1106.t1,1576,Lipase_GDSL,2.8e-13,MRVGHLRWALSLVLAGAVLSTNARPSQPPATTHSRHDLSFQSEDFYNVSSIIGGPLEVSRRQDGKVDLRILNLGASIVYGTGSSTGNSYRSFLRDQLRSSGWNVNMVGSKRNGDMKDNDVEANPGDTVDQVAAASKNSMAYEPNVVLIQAGSNDCAQNIDTGNAGVRMRRLIEQLLATPGFEKTTIILGTLIPNFDSNIRFCEDDSNAPGGGINAQYRALASTLRLEGKKVVLAEMNPVAPHPGNGWITQDDMFDNTHPNDSGFMKMAYVYWSAIEIANNEGKLEAPNDVDFGVAKPGCEKKSGDGVYAGGLTQQGSGVDDGIYYHESTPKDIVLTVTSDWDRNQWRFARLFSREKDDLVGWFELSPGIAAYGVWKNNGDYNTARFDKIADMTVDDNCIPRGVHFIDVNGDGLDDFVCIAPNGDAFASINEGNGNANTPPTFHSIGLWKENVGWTQEHIVLADIDGDGRADYCYWDDGGNIWCWRNGWIDDVPEYWQNLGMRFPAKGMGDAHGVRFEDINGDGRDDWLWVGDDGQTTTWTNARSCASGREGDGLNVAWRQGFYRGATSGPTHNGMGSANTGLRDRIYFARVFGEPQSFGLLGKQDYVFIEHVEDGGRHTFNVRVWKNVGGGGTKLKADGVKYCNMMGHPNGNEDYVWAWSWGQMIMYPSRGVGRISPGESWWGPVVDPIWTPPFDIDRRDLHLTDWDGDGACDIVWADSNNGNRVQVWRNKYPDTGRWEWDYYANPAPELTCEQKRGLGIHDLPIRFADVTGNGRGDYLYMEPDGRSSGWVHNDAGAWERINQYKFSEGKDRANLRFADANGDGRADMIWVDKFNGEGWIWYNEGRIQAGDSDFTWRKPSEPAYSGYMSGTCTYYVDMDGDGRADQHSILGTFTNQAETSLNLCGGGGDSTDDSDAQSPGLPYMPGTTPGESGGGDGGDGGSDCAEGTGPGDFGVLCEFSCKFGYCPQPCTCTRYGTPEALPDASDFVGYPADDHDMSYLDLCAFSCSRGLCPSDVCQQDLGGEFFEIPDCNKRKWQCNSVDSCDIAGDPRKDSKTRWDYVNAGLVLPDILSDWQAGLGRWDRDTFSEFASIVYGGLVQDTKAQRGPYPFDCQSILEPSCIPAEAFCGRTQHVALDLNLLSFTNVKAAFKALYETFNDVNIRGIVNKLSEDFGPKDEPGKLDTVKTALEWFDIILGFAGMKTWKDSIQQLVDLGGDISENANLFVGLYETVAGEEAEGKEKEMEAKETLDDAVNLFIETGKAVADATLVHLFDGSREGTEQLEALIKDGIFLKSSRSEPSSFNITKNLEATMRHRLIPAAWASDQELTPVIIAWEEAAGSTGPSYSPIHLWPWGTLTGEEENIAWGWISDDTARATIIEHDGWLLWLVVYFNIAKKASEDPRWTFREPNGLDKLSPGNTDYNGAVWQDIAVSAFEGWRAADRKQDYGTVKEVGSSGFFYEDDVNTPGFISGVPVCGLDVIHHAHQYEELNNRCASWPCCCYEAYDKPLFSCSQVPDGFSPYSSTVTEADMEASVDTNSFLAVESAATDEVPFLVAKAHQLELHGYDRTWDGTWSS*
g15027.t1,927,Lipase_GDSL_2,2.8e-13,MLGSSLLQSAVTAWTLLASSSMAMPHGGHIREDELVPSHNLTGTVSYVDVHSDLLRRQTAGSVPLRILPLGASIVYGYGSSDQNGFRKKLRDQLRYKGWEVNMVGSKRNGDMVDNNVEATPGDLVDQVHERSKLSYAYKPNVVMINAGTNDCVRTIDISGIGSRMTSLINDIWAADGMRNTLILLSQVLPSGDATCQNNNRASINTQYADLARTLRAQGRPISLVSMDSLSVGDLVDGTHPTDYGYAKMASAWWKALEQAAADKLISAPADMADGVGSNTCDATYGSGTYAGGLTQRGSGVGDGIYYHESQPKDVVLTISSGFDRGQWFFARLYGRARDDLVGWFDNADGSQHYGVWKNNGDYNTARFDKIADMTASSGCIPRGVRFVDLNADGYDDFVCVNAEGNMYAGINQRDGTASTPPTFRDIGLIKSNEGFAQDRVRLADIDGDGRADYCVIDDASNIRCWRNAGTDDVPTSWQALGVRSSANGMGDIRGIRFEDINGDGRDDWLWVSDVGATTTFTNARSCAPGVEGDGLNVAWRQGFLKGQSSGPTHGGMAGFVTPTETYLRDRIHFARVFGEPQGLGLLGRLDYVFMEHVAEVSGSHTFRVRVWKNIGSGSTKLEGNVEHEPPCAADGNKYCNMKGYSDGRMDYVWTLSTGNMRLYPNIGLQQISGDESFWGPLEENIWDPVALIGRELDRRDIHLVDWDGDGACDIVWVDPDNSNRVSLWINKYPTTSTWTWDYRANPAPALTCAQSRGLGLHDLPVRFGDISGNGRGDYLCIEKNGRTSAFVHNSDDSWESVGQVKFADGMDRADLRWADVNGDGADDMVWVDKFSGDARVLYNRGRGDPAQLGGSSFFWERIADPVYQGDYAGTCQNFPDLDGDGRADLHSILGTWTNQAYTWFNRCGLSDVTGDDGPITDPGLP*
g10224.t1,362,CN_hydrolase,3.3e-13,MRKSMLLSPLLASLLPGCNASCQSTDHDNLTVAMVRCPPPNWPMPILNFDWTGIVFNISETVDKALDLLNEASDNGANVVMFRELWFPGFPKGRDGTWSMEFLPSYIENSFVVGDEQWNRLIDGVIAAGVYAEINFAERTDTALFMAQALVSPVGDILIHRHKLRPSGDERAVFTDGTIGEITAITTPYGRVGLLECGEHQYPSMTFPMHAQMENWHLGPFPYMVDANNTDALWWEGAFAEMATMGHYANLGGTYTFTAAVGVAFVMTPLSQLDAYMSDLVDFDEHPMLYHSIDTSSFNSSITYDANAQVSWGVLQQILNGFPSYIPRDEGDFVAAHSVNITEELSGTYNMSVPGASGPSS*
g8537.t1,250,Lipase_GDSL_2,3.4e-13,MKGFLTYLTALPAFLSLADAVSIKRASKDPYFLLIGDSTVAVNGGWGDGFLAYLTNGAEGENRGKSGSTTASWKANGRWADLLSTVAEEQDTYEPIVTIQFGHNDQKSLTLDEYRANLVNITTTLKEAGATPIIITPLTRRNFDGDEVEQNFKDWRGKGIAVAKEVGIKWLDLTQASTTYINAIGAENASYYDLSDGDGTHLNTHGQTVFGRMVADLLLEKRTDLSSFFTSDEALSDKIWAGEFATGDE*
g3914.t1,352,Lipase_GDSL,8.5e-13,MKLLPFLLSSGALASSRARRSLTTVSNLVSFGDSYTDEGRLSAYAANNGSTPPPATSTSGSNFTSTGGYAWGHFVSQALGAKYYDYAVSGAFCSNEIFSRYLAGINRTFPSVLEDEIPSFLEDIAYVNETTGTNTFYTDRESNNTVYALWIGTNDLGTNAFLTDSQKTGLTITDFIECIWQVFDTIYSTGGRHFVLLNEAPLEYSPLYAAPQNGGVGNDHYWTDKETYNMTEYEQKMKEYTTTVNTIFDYGVPVETKIKSRWPEATVTIFNVHQLILDIRNDPESYLEAPANATGYYHHCTVDSSSCTDSNETLASFLWYDELHPSERTDEIIADEFVKLVSGNSSYATYW*
g14635.t1,286,Lipase_GDSL,3e-12,MVQLKKQVALAAAFGLACAADTKYMVVFGDSYSSTGFWITSGYPSSSNPMGNGGSTTSGGLNWAGMVTEEYNTTLLLTYDFAVYGATVDTSLVRGSTPDVQDQVGYFDTYLADKPDYAPWTSDDLLAAVWIGINDVGNPWWDGTASPIDSIMDEYFTLLQDLADKGVTNFALLTVPPFNNAPSFLYSSESSLANLVSNITAYNDALETRLDTFKSANSAITAQVIATEASFEAVLSDPTAYGATDATCSNTDGTTCVWYDGYHAGQAIHRLVAQAFVEALTGTFF*
g2310.t1,838,CBM_1,3.6e-12,MGFRHWAATLLAAGLNIQHAFAQSSTPVVYTDPETGITFDTWPVPAASSAGGMTFGMALPSDALTVNADEFVGYLQCASEDATSTGWCGVSLGGAMTNNLLLMAWPYDDNIYTSFLWATGYTQPAPYTGDATLTQISSTVNDTHYTLIFRCQGCLSWDQDGTTGSVSTSAGYMVLGWAEAYAQPSNPDCPANVVMVQHDYQGIFGAQFDATIANASYSAWAASATATVTGSCTAVPTTTATTTATATATATGVPVPTATYDYIIVGAGAGGIPLADKLSEAGKSVLLIEKGPPSSGRWGGDMKPDWLDGTNLTRFDVPGLCNEIWVDSNGIACTDTDQMAGCVLGGGTAVNAGLWWKPNTEDWDYNFPTGWKSSDMTAATNRVFQRIPGTDVPSMDGKLYYQQGFNVIAGGLAASGWKNVTHANDQPNAKNHTFARGEFMFSNGERGGPMATYLVTANARSNFDLWMNTAVKKVIRSGGHITGIEVEPYLDGGYTGVVNVTSVSGRVVLSAGTFGSAKILMRSGIGPSDQLAIVQGSADGPTMINSTQWIILPVGYNLDDHVNTDTVISHPDVVFYDFYEAWDDPPADDESLYLNKRSGILAQAAPNIGPLFWDEITGADGIVRQLQWTSRVEGSDGIENGNSMTMSQYLGRGATSRGRMTITSSLSTVVSTLPYLNDANDVAAVIQGIKNLKAALANVANLTWEYPTADESVEDFVNNMIVSYSNRRANHWIGTAKIGTDDGRNGGSAVVDVNTKVYGTDNLFVVDASIFPGHVTTNPSAYIVTVAERASEKILALATSTAVAKYGQCGGIQWTGSFQCAAGSTCQVQNDYYSQCL*
g12470.t1,504,CBM_1,3.9e-12,MLSYFLLAALPLQAFAQVTGTATGFATGVTGGGDATPAIPSDTAELEEWLTDDTPRVIMLDKTYDFLEAEGQATETGCVPASNTCGSSGQNALDGPNWCSDDYESIEITYYVAPTVPIDIKGNKSIVGVGDKGVIRGKGIRLVNDISNVIIQNVHFTELNPQYIWGGDAIQMSGTDLVWIDHCKFSLIGRQMIVTGYETAGRVTISNNEFDGETSWSASCNGEHYWTMLFLGAGDQITLANNYIHDVSGRSPKLGSDTTAVTMHAVNNYWSDSDGHNFDIHGANVLMEGNVFDNCKTPILEVVGTLYNVPDASAASSCSSTLGRACVQNSLTASGDFDSYTDSGALSAFASVDNLQEAMAVDEVAAYVLANAGIGKLSSSGGGSSTSSSASAAAATSSTTKAAVATSSVVAEASPSTTLSTKVATTAAAATTSKAAAVTSSSTSKVAATTTTQAAAAATTAASSGSIALYAQCGGQGWSGSGSCASGATCKQWNDWYHQCVSE*
g11174.t1,258,Lipase_GDSL_2,4.1e-12,MKSFVLALPAVMAAATPLKNHKECRQSNSTPAFVLTGDSTTAVQSSGGGGWGNGFLSFLKSPAWGVNLGHNGATTVSFVNGGDWATAMGDVDDKTADGYDVYVTIQFGHNDQKAAANITLDEYQANLENLAQDVKSHGGTPLLVTPLSRRAFTSEHNATDSLHDQRIYTIAAAEATDTTYLDLNKYSLEYVDAIGNTSAQAYDLNGYGADTTHLNAYGSIVFGRLVADLLLEKLPELDSWFTPNETLSYDLANGIAA*
g7809.t1,532,CBM_1,6.1e-12,MVMVLFKGFVLSSFAASLVAAQTAITIDTSTTYQTIDGFGFSQAFGRATEFKNAAAATQKTALDYLFSTSTGAGFSIIRNRIGSGGSGDSIEPTSPGSASSTPTYVWDGNDSGQFWFTQQAISYGVKTIYADAWSAPGFMKTSGSDTTVGYLCGTTGHTCSTGDWKQAYANFLVQYVKYYAAQGITVTHVGPLNEPDWTVSYSQMQISTDAHEAIEFLPILYNTVKSAGLSTKVVCCDFLGWNNAATYATKLVNGGATGYMDILSSHAYSGDATSPITATSLPKWNTEAGPSSAFTTTWYSSGADNEGFTWATKLANAMVNAQLSAYLFWEGFEIQETQSASHLVDATDGTNPVPSGIFWAFAMWSRHIRPGAVRVGASGTLSGTTIGAFKNADGSVVVVLTNSGSSAQSAALGFSGFTPTAASAWQTSQGTTFASTTASLSGAKVTISVPAHGVVTVKLTGGASSGGTTTTNAGTTVVTSTVQATTTSGGGSSCSVAKYGQCGGSGYSGCTACASGSTCTKSNDYYSQCL*
g7651.t1,1226,Lipase_GDSL,7.5e-12,MGITRLVASICTSLLLASTVYGIPNPPLPTPTSQTSSVDGSHSELHIAKRDLVDLRILPLGASIVWGLLSSDLNGFRKPLRDQLRWEGYAVDMVGSKFGGSMKDNDVEATPGYVIDQIHTAAALSYGFKPNVVLINAGTNDCVQNIDIDNAASRLESLANDLWSNIGEDTVIIISTILINNVESVNECRAIINPMYRQLQASLSAEGKPIYLTDFDGWITIDDITQPDGTHPTDEGYRKMAGAWWKTIAQADADGAIQPPQDADLDTVTTTCLKVAGTGVNAGAETQTGSGYDDGIYYHDSVEQGILLTITSQWDRNQWYFARLFNQERDDLLGWINETDGSITFALWRNDGDGVMTKIDDMTNFPNQCIPRGGRFIDLNADGLDDFVCISNPDGALYGVINNGDGGGSSGPTWTSIGLIKDADPNFPQAQVRLGDIDGDGRADFIGLDADGSAHVWRNGGTADVPNIWQEMGVRWTGGNMNDLAGVRFEDLNGDGRDDWMWVADEGTTYTWTNSRSCLKGIVGDGLNVAWRQGFYTGATSGPTHLASFDGDVDRDRIHFARIYGEPAAFSLMGRQDYVYMEHIADGDLHTFNMRVWQNTGSGAAKLKADGDKYGNMQGSATGRQDYVWSYSGGKMIIFRNGGVDYITEGESYWTQPQQDMFDPQTIIGQYLDRRDLHLTDFDGDGKDDIVWTNPDNDNHVSVFINQYDGTTWSWQYQADPAPALSCPSTKGLGIHDIPVRWGDISGNGRDDYVCIAPDGTMSGYVHETDGSWTYNVQFFGPKGYDRANFQLGDVNGDGKVDIIWTEKFSGDGYVYYNDGPEDVAGSSYHWDVDADLQPAYAYAGNVAGTCTYYNDLNGDGRVDQHIILESFNNNAETSYNLCAGDHVGDDEDPYTDPDLPIPATTAPATTTAGGFTTTVTTGVSSITPMPTCHIVQDPDSGISTAYCVCSDYDATLPTLAGTSSPCAYTTLPTITTATTAADTAGYTYTDPYGDVIACSTSSVGAIGGVTYTACAGGSKTLVTGSPLPAVTAACRVAEDPDAGINTAFCTCDDSPGYTLPTLTGSLPCDYTFVSTVTLVPPTTTADAASPTSSAKGWADVDDVVSLVQCGGVGQNCQNWAPIFTDDTINDFCQSIIDSPCTNHHALGASGVGSVTFARDPGLDCSITGPLTVDECHGIFDDVYSDPECAVGKMNGSSECQGYIDAPDGTYLGILGITGSCVCGK*
g12235.t1,343,Lipase_GDSL,7.5e-12,MGLSLYIVALLSLASNISPVQAAFKYSDVKQVLSFGDSYSFVQGTYGQTNKTFIGSYVKYAYTASQLLNNQIVQNFTGTAEGGANWLERLTGCAVQNGSYSPSNCSMALWNFAYSGASVGEQWLPKHTIYTIPLVNQTSRYLTYGDPVLRSKNKINKSTALVTIWIGVNDIFDSATYKPSNISNDAFWASEIDGVFQQSVQPLYNSGYKNFLFLNLPPLDRTPGNQRAATPYPSKAQVNSWGSLLANRTSTFQAQYADSKAMLYDANTFLNGVLDNPSKYGITRTGSYCPGWNQLDVLTNPASYGCSSMDKYFWYNAVHMSVQTHKVMAADLKAFLISQSSS*
g10597.t1,307,Lipase_GDSL,9.2e-12,MASKILTLAMATLAAAFPRPLPPRAVSNVSASGTQYFITFGDSYSQTGFDINGTHPSAANPLGNPALPGYTASGGLDWVGFEVTKYNASLLLSYNLAYGGATTDASLVAPYADTVLSFVDQVGEFSASLAAKPDWAPWTASDTLVGVWMGVNDVGNTFWLSNMTDVLDAVTTRYIEQLQVTYDAGARNFVVLTVPPIDQTPLMLENDASSEASLVSAISTYNDFVSSKLDTFKSANSDVKTWIVDTSAPFYEAINNPTAYGAPNATCFNADGTSCLWFNNYHPGIAIQGLVAEAVAQTVGAPFFTA*
g13098.t1,373,Abhydrolase_6,9.7e-12,MAHHTTTALLFGLIVVAAARQCQNLTIPIVASARNGVFDLTAPKNNIDVVNFVLDATQPGHNLTAELLTGYATVSGNYSIAATYCQPDGGPGTTLQVLTHGVGFDRSYWDFPANNYNYSYVNQALDRGYSTFAYDRLGIGESSHGDPINEIQSYLEIAALRTLTKMLRQSTVSGITANFSKIAHVGHSYGSVETYGLVAQDPTISDGIILTGFSKDADFLGEFSLGANEIQANTFSRLSKYVDGYIAPATSSALQADFFAPREFNPEILAAAFNTSQPNSVGEVLTMNGAYDAPNPYGGPVLVITGERDVPFCGGNCSATEPSIPEMVKGSFQNASYFDAVLIPGSGHGLNLEYTWPITYSIILDFMDKHVK*
g13696.t1,301,Esterase_PHB,1.8e-11,MHFQTKIASLAALLTLGSCQSVTKVNDFNAGPTKLGMYVYVPKGLTTPAPIVVAVHHCQGSAQGYSTESHYMPLADSHKFILIYPNSRSSGGCFDVASTATLTHNGGGDSQTIVNMVKYAATNYGGDLNRTFVTGTSSGAMMTNVLVGAYPDVFKAGSSYSGVPDGCFYVSGSTATQDPPGWSNSCANGQTTKTAQQWGDLVRSYYPGYTGPRPRMQIWHGTADTTLRYPNYQEALKEWSNVLNLTTSKDTSNSPQSGYTMTIYGEGTATTAQLVGYSAQGVGHTVPVHETMDLAFFGIA*
g9678.t1,473,CBM_1,2.3e-11,MAAKILILTVLGALALAIPLDGSIEERQSCAALYGQCGGTGWSGATCCASGTCVLSNEYYSQCLPSSGTTTAGTTTRSTTTSVATSTKTSTSTSKTTSSVSTKTTTAPVGSGTATWSGNPFSGVAQWANNYYASEVTAYAVPTLGAKAAAVADVPSFMWLDTLSKTDLMEDTLADIRAANQAGASPANAGIFVVYDLPDRDCAAAASNGEYSIANNGVANYKNYIDTIVAIVKKYSDVRILLVIEPDSLANLVTNLSVSKCSNAQSAYMECINYALTNLNLPNVAMYLDAGHAGWLGWPANLSPAATLFAQVYSDAGSPAALRGLATNVANYNGWSVSSAPSYTQGNANYDESHYVAAIAPLLSAAGFDAHFITDTGRSGKQPTGQLAWGDWCNVIGTGFGTRPTANTGSDLLDAFVWVKPGGECDGTSNTTATRYDYHCGLADALQPAPEAGTWFEAYFEQLFTNANPAFT*
g744.t1,330,Lipase_GDSL,2.3e-11,MLGIYLASLLLGAFAGTQAHPSGSPTKRSWGGFGDLKKFVVFGDSYTRIGYSQSGTQPSAGNPFGNSGTTSADGNNWVKYLTLSHNESAFLTYDYALSGATVNISIVEASVGRDVVGEVQDTFLPAFADNSSFAGANVLYGTWIGINDVKQSYLGEDYAGANFTLYTEIIDSLAGQVDALYNNGARNFLFLSVPPLEKAPYTTQSSANATRYPLMEAAVNDYNSKLLKLAKSVGHDYSGTSVFYMDAHALFNSVINDPSQYDETAGLKDVTSYCGAYEDLTNDPDADSDDCDYAVSEYLWLNALHPTYVIHNLLAKKIAALLADGPTFW*
g9243.t1,295,Esterase_PHB,8.7e-11,MEFFKQSGLISLTCLAALSDAALTTITNWGDNPTDIRLQAYIPTALAAKPAVVFALHGCGGTGQQYYRQADYSAQADEAGAIVVYPTSIHDTNCWDSASNATLTHGGGGDSQGLANIAKYFIEKYNADPGRIFTTGSSSGGMISGTLMATYPDVFKGASIYSGFAAGCIAGSPGSNPSECNPQCLAGNLVHTGKEWADIARAMYPSYNGSYGPMLIWHGTSDFIVAYGNLAEELKQWSTLKDVSFAKNVTNSPSSGYTKMIYGDGTQLMGYSGRGVGHTVPVHPQVDFNFFGLL*
g9521.t1,273,Lipase_GDSL_2,1.2e-10,MKFASPLLALALSALHVTATPTPVDAELAPRATPTLYLCGDSTMAKNGANDGDTDGWGQYIGDYVSITTVNDAIGGRSARSYWDEGRFATVAAAVTTGDIVVIEFGHNDGGSPESSDNGRSDCPGAGTETCTSDATGETVYTFVYYVIQAAKLMTAKGATVILSSQTPNNLWETGSYVYSAPRFVGYQKTAAAAIGSSSVTFVDHFQAVANMYAKLGNSATNALYPNDHTHTSPTGADLSAQAFAEAIATAMNGTTSLQSYVVSDYPTPYRM*
g4623.t1,346,Lipase_GDSL,2.4e-10,MFNSIRGSTILLGALKLATLCNASFNWTETKYVIAFGDSYSFVQGTAGYPRYSFIGSMLDGEFEFSASELLDDRIVQNFTGTAEGGPNWLEYLTNCAVEDGEYAPADCPVQLWDFAFAGGFISSEFIWGGRDYTIPLVNQTQQYLAYADPVLAEAPVSMDRSKALVSIWIGINDVLDSKYRKPLLESYESFWTRELDALFAQSVTAMLAAGYQNFLFLNLPPLDRTPENQQTKHKYPNKNGVDTWSKLLSERIDSFQQENDGVQAMLYDTNAFLNEVMDDPASYGITNTSTYCTGYNQPDVITNPEKYNCAPLDEYFWYNSLHMTSHTHKLMATDLAEFLEIQSA*
g946.t1,288,Abhydrolase_1,3.8e-10,MHASNPIVLVTSVLGLVAAQATPIWETLPPTPSLPGNPAGSHTQINGVQIWHAEFGTPSAEKVPVLMLHGGFGNSDYFGDVIEILMENHYVIAMDTRGHGRSTMDSVPFSYELYASDASSLLESLGISKAAWVGWSDMAMGTYAALMDAQNSTLIDRAFAFGGGHQVDSTNATFTSTAIYTEFVTRAQQEYQTLQPNGNLTAFANAVATLEGTQPNWSQSDFAKITLGSKVTVADGQYEEAIVLSEPALLNSWIEGSVRVTLTNVSHFAPVQDPVQFAAKVEAFLTA*
g3786.t1,408,Abhydrolase_6,6.5e-10,MLGLSLVMLASQAAWVVGQNVEPLLAGLTYPDTSGLSQPVQHISRGGSTACVSGFVQVEAGTDANMNFAYEAPVNQTQVTQTFVSLWDSGDPLREQIMNGTLSVNGTYEIGVTLCMPQPENSDNQTMHLQVLTHGIGFDRSYWDLAPGYSYVDVAAAAGYAVFLYDRLGVGVSAKEDPIKTIQSPLELEILNGLVTMLRNGALGGNNGHFTSVVGVGHSFGSALTQGVTAAHPQAFDAAVLTGFSVNASGMSSFNLAQVPEIASINQPNRFADLPASYLVVGSATALQTSFCHFPGFDPAVLALADATKGTVTLGEYFTTGAVVKPATNFTGPVAVVAGNEDLGFCFGNCSYPTNLLAEVPATLYPNVAANDTATYAAPLSGHGLNLHYSAAEAFAFIQDFLKSHGF*
g4606.t1,253,Lipase_GDSL_2,9.6e-10,MLHFSTSLLVSVLPLLATAFPALPSYKNHTRPPAFFLSGDSTTAVGGGWGDGLLATLRYPAWGVNIGQSGATTVSYENAGNWTNITTHVEEYAKKFDTYVTISFGHNDQKATSNVTFEEYQANLIRFAEEVKSLGGTPLLVSSLTRRVFTSEHNATDSLHDQRLAAIYAANVTGSPIIDLNGASLNYVNTIGEDAAHTYNLSPDDNTHLNAWGQVVFGRMVSDLIIEALPGLEKWVVPNETLSNEIWSGIAA*
g13929.t1,458,Abhydrolase_1,1.1e-09,MKRTIPRSILFLSLGYNAACEQDRDMAYDFNGINPSTNLTWTPCFDDFTCARLEVPLDYANKILGTTPIAFMKLAGKNATATSPSIMIVPGGPGGSGIDLLRAYAPALGELLGNQYNYVSFDPRGVGNSGPQLDCFSGNDEARSSFNRLHYTGATNTSTSSFETQYYSSIIYGEWCNNAAKNDSPYGYYVTTPAVARDLLTFVEAEAELAGEQPSEAKLWCYASSYGTVVGTTFATMFPDRVGRMVLDGIMDAEQYYQNDWTDNIDQSDLAMEKFSELCHAAGADACSFWGPSPGNITARLDSIIHKLQHHPVPISGVHPEGTPALVTYSDLQSFLMLAIYEPLTGFPAMAEIFHQLENGNASALIGSIDRLDLTTDAGQVIRCVDSYQRNKLVTVEDFKDYVDDSVRRSKYLGDIWPIFSGTILCTGFEPEVPDSIIMQGKQSLIFRSASVFEHTF*
g10898.t1,328,CN_hydrolase,3.5e-09,MVAFKSLISLTVIAPAVVAAANYSASPITNLTELKVGLIRIPPPHWALPLANDNWTGVIFNISQTVDAGVELIQQAKKNGAGLVASPSSGSPVGSPEWNRTIAAVKKESIWTALDFVECKGDRIFMAQALISAAGEIVIHRHKLRPSEVGMLECAEHWYPSMTYPMAMQRPKLHIGNFPYVLDADDESDNHWFRAGIFKAASASYAVLSGAHVLLPAVGHSVITDPYTNTVAESRAKNIFADLPILYSAFNDASLLYSDETSDADAQVSWGTLQQINEAVPDAIPQVTGSLVPHHENSVVQLKATNFTWSETDNPSEYDPEGSFVKA*
g9939.t1,583,Phospholipase-like,3.9e-09,MMRRKRPTSCNSAGRVTAAQLLLSFLALSSSTVVAYDQNAQIVLDGSPIITPPMIAEPPQPAEHTFTLRHILHHGTYRHPGLHRRRDVTEPQAQVWLAAEDGFDAEEMPPLKAKSSAHKIERLVDRRPMVVDPMVAEARQRGYVLAGMPNAWTVDDVSGPDVTDKGTVLTMALIASDAYVEKPSLPDWDEVGEPFNRSADFGWETDGLRGHIFADENNSTIVIGLKGTSAAVFDGEGTTTNDKENDNLFFSCCCAQQGQWSWHQVCDCATGTYSCNNTCVTQALRGENRYYQAARELYSNVTEMYPESNVWVVGHSLGGAVSSLLGLTYGLPVVTFEAVPEALAAGRLGLPVPPHGDPQYPQTRDYTGTYHFGHTADPVYIGTCNGATASCSFAGYAMESACHTGYECTYDTVADKGWRVGIGTHKIRSVISDVIKKYDTVPKCKTTPECRDCGNWKMYESNSTNPSTSSSSSTTTKTRTRTETCKTPGWWGCLDETTTTTGTTTSSSTTTTTTSTSTCKTPGWFGCKDEVTTTTSSTSSSTATPTPTTTCATPGWFGCKDKTLTVPTPTSHPITSPPPIPT*
g544.t1,346,Abhydrolase_6,5.8e-09,MTKTTTAFTCAMALMSQIILVAAQNMSYGADNFYRSENVTIQPITFTSQYHTTVAGNLFTLRDLDYDSPSPAIVVGHPMGAVKEQSANLYATKLAEQGFVTVSLDLPFWGASEGEPHNAVSPDLYAEAFSAAVDYLNTQDFVDPERVGAVGICGSGGFVISASKIDSRIKAIATSSMYDMGTLAREGLQSSQSVQQRRQVVAEAAQQRLREAQGGATTYTSGTLDVLTANATAVEREFFDYYRTVRGEVTPPGSLPNLTTHPTLSSNVKFMNFYPFNDIETISPRPMLFISGDQAHSRQFSEDAYTRAGEPKELVWVAGAGHVDLYDRVDLIPFARLIRFFQENI*
g7929.t1,456,Abhydrolase_6,1.4e-08,MWNPTLLLTVLSFLSAVIGQDASDCDSTCQATFEAALAEEQSTWATTDILSDSFYSTPSNFSGSKPGDVLRWQEISSDMLATNWSSIPTGMSLARMMYVSEDIDRNPIPATAFILLPYSPASFTKPNSTVFRTIAWAHGTAGRSRQCAPSNNRELWYGWEAPFFYAANGYAVIATDYAGQGSDVPGGFHYEAGYIHAADVAYSVVAARQMMGHLLSEDWIVAGHSEGGMTAWRTNERLAMPGQEELLKAGNFLGALSAAPALRPYDLIPKSIELAGDGPLGDVVSVYLLQSLSLIYDDLDINDYVTNYTKSLLPLIDEGCLITGEIMFQNLTTAEIYKNTSWLTSPQFADWQTRFNGAGPHELAAPMLVVQGLNDTLTYAENTQDDFNRTCSTYTNSTAQLFLVPGLGHDPAFQAAQGYYIAWISERFAGAELEPGCSILTAAPTNDRYQEGQLG*
g13189.t1,924,CBM_1,8.8e-08,MRFSKSAAAAVAVAIPGVSANLNQLAVAAGKKYFGSATDNSELTDTSYMAILNDTTEFGQITPGNGQKWQYTEPSQGTFSYTSGDQIADLAEANGQLLRCHTLVWYSQLPSWVSSGSWTADTLTAVIQTHIANEVGHYKGQCYSWDVVNEAIADDGSYRTSVFYTTLGTDYIPIAFAAAAEADPDAKLYYNDYNIEYSGSKHDRALEIVGIIQDAGARIDGVGLQGHFIVGSLASQSDLTNVMQSYIDAGVSEVAYTELDIRFTSLPATDSGLQQQATDYAAVVNACLAVDECVGITIWDFTDKYSWIPNTFSGQGAACLYDENLSKKPAYTTVSSILAAAATGGSGATTTSTAAATTTTAVTTSATSTAAATTSTASTLTTTVRTSTSTTSSTAAATTTAGSSTGAAHYGQCGGSGWTGATTCVSPYTFMGAVKKRVAVIGAGPSGLITIDALAQEKTFDVIRVFERREGPGGCWIAEGSKPTQGLSNFEALATRSADPPLPVPETLPARTAPSTQPRFSESSVYPYLETNVDDVAMSFSQEPIPEVRSDWSTSMHGADTPFRHWTVIRDYLVSLAERKSYRDLISFNTTVERAEKIGEEWRLTLRKEDSNGQQDDEWWEERFDAVVVASGHYAVPYIPRIEGLEEFARTRPGSVIHSKHFRGRDAFRGKRVVIVGASVSGADIAVDLTSTARLPVYAVVVGRNFNGYFGDAAFQHPGIDKRPTIRRVDAAAATVHFEDGTSVAEVDHIIFGTGFSWTLPFLSGVVPTRNNRVPDLYQHVVYRHDPSLLFVGAVGAGLTFKIFEWQAVLAARVLSGRAKLPPVEEQERWEVDRIKAKGDGPKFTMVNPDFEAYFEDVRRIAGPGEDGAGRQLPPYDPSWYDRFMAGHDRRKKMWRRLNAQAAGDVGHLPSTPVSLDTTDSRL*
g6734.t1,487,CBM_1,1.7e-07,MAKISFSLLAASLGLGQLASAGFDPSSQSNVAIYWGQNSYGQANSQSRLSDYCSSTELNIIPIAFMLGINNPAVNFASAVHACTAYSGTNLFNCPQIAQDIITCQKTYSKTILLSLGGATYTEGGFSSAAAAQAAADNVWNLFGPNTATANRPFGSAVVDGFDFDFESTTMYAAPFAQELRNLMDAATSAGDKKYYLSAAPQCPYPDAAMGDMLNNVEMDFVMVQFYNNYCGIQSFTAGAATQNNFNMDVWDTWAKTKSKNPSVKVLLGVPANTGAGAGYLPASQLATIISYCKTFTSFGGVMMWDMSQAAANTGFLDGVNAALSGSAPPITTSTSSSTSTSSSTTSSSTSFVTSSRRATASSSSTLSARSSSSSLTSSLFGRQSTATVPTCASPTAQTVTVTATVFTGSAGATRGTTSSTSSTKKTTTSTSSTKSAATTASTGTAGNTQLVDQWQQCGGTGYKGSTQCKPPYTCIRSTEWWSACQ*
g3978.t1,450,CBM13-like,9.3e-07,MRFLQTGLFFLAATVARATLQIVPGATWTATNTLKHVQAHGAGVIQVGSTYYLIGEDKTNGSAFQNINCYSSTNLVEWTYVGALLSQTSSGDLGPSRVVERPKVIYNSSTKKYVLYMHIDSSDYSEAKVGVATSDTVCGKYSYISSWRPLGYQSRDMGLFQDDDGKAYLLTEDRANGLRIDALTSDYLNVTSATYLWSDSIEAPAILKKNGYYFMFGSHLTGWSPNDNVYSYATSLSGPWSSWTTFATAGSNTYTSQTNYVLPLGSSAIYMGDRWVSSNLMRSTYVWLPLTISGTSISMANYVNWVPNVSAGTWAAGPSETQPEGESATLAGGATSVTCSGCSGSAAAGYIGGSSGGSVTFSGVSSSASTKTTIRIKYENGNTSQRFAKVTVNGVAQTVAFLPSEDGNSPASSVVHAQLTSGSSNTVVIAGVGDGTYGPDVDRIMVPSS*
g1722.t1,335,Lipase_GDSL,1.7e-06,MSPSCSFPRAVLVLLVFLEGVISTSSKDYVEQIIPFSWEKTKYLIAFVDSYTFIQGTNGYPGFSFLGDYRSPEDLAFTPQELLSTQINQSYYGTSAGGPNWVQFLSGCSLENGLWFPSQCNVQLWDFAFAGADYSTAFLPVHANFVTPMVNQTRQYLTYAEPVIGEHMDKSRALIAIWIGINDVGDAVNVVANQTDINDFAILYDAIVSAMFNESVQWLHDDGYRNFLFVNVPPRDRAPGHQSTDLPSTAMIELWNSALSRHNAQFSASHPASSSFIYDSYAFLNRVLDNYLDYGFQNVSDFCAGYNNATALTDPEAFGCRPLDTYFWFNSGHM*
g2191.t1,319,Lipase_GDSL,4e-06,MTRSIVATSLLCLSALTGGSEAAFNWANVNSVVAFGDSYSSVWGTAGYPNFTFIGSYIQSQYAFTPSQLLNDRIIQNYSATAEGGPNWLEWLTGCAVKPGLYLPKSCSTQLWDFAFYGASYSKQFFPQHHYYTVPVVNQTQRYLTYADKTLALDKSRSLVAIWFGINDIFDTKNFYTGPLTNEQLWNQVIAAAFQQSVTPLLKAGYKNFLMMNLPPMDRIPSNLRSASPYPTPSTVQLWNTILAKQSASFQAGNPGTRVMVYDDNKFFNAVLDNPGAYGIRVTDTYCRAYENPDVATNPSKYGCYPLSQYFWQSGAHM*
g396.t1,601,Abhydrolase_6,7.2e-06,MKYFCYLTLLHSVIANAVTLPTPSGPFHVSLFTTALTDASRLDPYAPSESPHARKLMISVFIPMDNSTAPCTQDLVPYMTPLVAADFDNLAMTAGLPNGTFSELNMKICKTSANDGCMKSHKGRRGTDRILRPLLLFSPGFGQSRLVYNAMAHSVASEGYIVVSIDHPYDANVVEYPDGSYVRAANISSDDEAALNALIDVRAQDVSFVTDELQNSASLRRVIGNSGNMIDFGKVLMYGHSLGGATAATVMLADRRIRGGVNLDGRFFDKVLAKGISHPFLNVGRPNHRLEDSTWDQFYNSSSRPIVEVQVAGTLHAAFTDFPVVVGTWNPNDSDVVEALQAFLGTIPWMRAGEIVTRLVTTFAEFVFDGRNSTILSGTDSSFAEITMELAQILNSGIPKITVDIITVNRKICAHEAHVDSGACPGESCKRDILSGVNMTLRMTLDANYSFPVIMETWGTILNLEFALKCGAFSAFPIRGHGPQGESIFGPEVIKRMETPVSGTHKTILVPGKPEIIEPYVSLELMTTIAPGELTPFQPGQPFVLTPMPTWTCCQQWWWTRPTAWGPDGMPTAMAGTEGVGVIQFTVGNHMFMAIDTVES*
g11305.t1,404,AA9,8.4e-06,MTSRTQQILSAAALLGSAVNGHMIMKTPTPFGGSSLDNSPLTSSNYPCKVTSDPSSFYSGTTATEMAIGETQTLSFTGSAVHGGGSCQLAVTSDAAPDASTNWQVILSIESGCPSTDGTAASTYDFTIPDGIAAGDYVFAWTWVSKLSGTQEFYMNCAPITVTGSSSKRSVNESMELLETRDTFPDLFVANLADINDCKTVLSSDVEYPEPGSNLQKLGSSPVLAAPSGTNCYPKGSTGGSTSGDSSDSGSGTSAGGSATTSAAGTVAASEPATSAASSATEAATSAATSSAGGFITSTVKASTASSAAATTAKTTAKTSSAAAAASSSASTGGSTSSGGESGACTSEGTFNCVGGSQYQQCASGAWTTLQAMPEGTTCQEGESTSLWARKEARSLKLRPRRL*
