protein_id,length_aa,approx_kDa,SignalP,TMHMM
g14635.t1,286,31.46,SP,No_TM
g4597.t1,180,19.8,SP,No_TM
g14982.t1,413,45.43,SP,No_TM
g8046.t1,458,50.38,SP,No_TM
g2944.t1,782,86.02,SP,No_TM
g10808.t1,608,66.88,SP,No_TM
g8318.t1,578,63.58,SP,No_TM
g1915.t1,206,22.66,SP,No_TM
g5846.t1,329,36.19,SP,No_TM
g3515.t1,236,25.96,SP,No_TM
g11745.t1,160,17.6,SP,No_TM
g2544.t1,270,29.7,SP,No_TM
g15406.t1,387,42.57,SP,No_TM
g9768.t1,609,66.99,SP,No_TM
g4906.t1,502,55.22,SP,No_TM
g6734.t1,487,53.57,SP,No_TM
g10738.t1,208,22.88,SP,No_TM
g7894.t1,640,70.4,SP,No_TM
g14873.t1,450,49.5,SP,No_TM
g14530.t1,280,30.8,SP,No_TM
g12270.t1,191,21.01,SP,No_TM
g14054.t1,286,31.46,SP,No_TM
g893.t1,536,58.96,SP,No_TM
g2715.t1,387,42.57,SP,No_TM
g4866.t1,661,72.71,SP,No_TM
g3100.t1,331,36.41,SP,No_TM
g3936.t1,427,46.97,SP,No_TM
g10794.t1,227,24.97,SP,No_TM
g2549.t1,637,70.07,SP,No_TM
g640.t1,578,63.58,SP,No_TM
g297.t1,688,75.68,SP,No_TM
g7348.t1,369,40.59,SP,No_TM
g1869.t1,338,37.18,SP,No_TM
g14917.t1,453,49.83,SP,No_TM
g10871.t2,1118,122.98,SP,No_TM
g401.t1,185,20.35,SP,No_TM
g10670.t1,632,69.52,SP,No_TM
g7809.t1,532,58.52,SP,No_TM
g9784.t1,346,38.06,SP,No_TM
g10624.t1,1184,130.24,SP,No_TM
g12105.t1,328,36.08,SP,No_TM
g8425.t1,339,37.29,SP,No_TM
g9720.t1,543,59.73,SP,No_TM
g13744.t1,795,87.45,SP,No_TM
g1007.t1,601,66.11,SP,No_TM
g15323.t1,697,76.67,SP,No_TM
g10256.t1,326,35.86,SP,No_TM
g12431.t1,452,49.72,SP,No_TM
g6701.t1,597,65.67,SP,No_TM
g2869.t1,668,73.48,SP,No_TM
g13780.t1,487,53.57,SP,No_TM
g1390.t1,825,90.75,SP,No_TM
g5863.t1,511,56.21,SP,No_TM
g6243.t1,294,32.34,SP,No_TM
g12268.t1,600,66.0,SP,No_TM
g11144.t1,992,109.12,SP,No_TM
g2925.t1,227,24.97,SP,No_TM
g1027.t1,243,26.73,SP,No_TM
g4651.t1,207,22.77,SP,No_TM
g4903.t1,159,17.49,SP,No_TM
g6237.t1,189,20.79,SP,No_TM
g9814.t1,173,19.03,SP,No_TM
g225.t1,514,56.54,SP,No_TM
g487.t1,833,91.63,SP,No_TM
g10367.t1,493,54.23,SP,No_TM
g11091.t1,632,69.52,SP,No_TM
g13538.t1,284,31.24,SP,No_TM
g1402.t1,348,38.28,SP,No_TM
g5028.t1,431,47.41,SP,No_TM
g13711.t1,370,40.7,SP,No_TM
g6637.t1,1303,143.33,SP,No_TM
g15383.t1,484,53.24,SP,No_TM
g12416.t1,473,52.03,SP,No_TM
g211.t1,258,28.38,SP,No_TM
g11154.t1,258,28.38,SP,No_TM
g12189.t1,154,16.94,SP,No_TM
g12867.t1,620,68.2,SP,No_TM
g12094.t1,421,46.31,SP,No_TM
g5443.t1,618,67.98,SP,No_TM
g12707.t1,356,39.16,SP,No_TM
g5110.t1,410,45.1,SP,No_TM
g2988.t1,377,41.47,SP,No_TM
g4801.t2,573,63.03,SP,No_TM
g9015.t1,316,34.76,SP,No_TM
g3712.t1,428,47.08,SP,No_TM
g4067.t1,324,35.64,SP,No_TM
g14010.t1,375,41.25,SP,No_TM
g1122.t1,411,45.21,SP,No_TM
g14371.t2,303,33.33,SP,No_TM
g10597.t1,307,33.77,SP,No_TM
g11398.t1,273,30.03,SP,No_TM
g4759.t1,539,59.29,SP,No_TM
g158.t2,227,24.97,SP,No_TM
g7943.t1,573,63.03,SP,No_TM
g5220.t1,841,92.51,SP,No_TM
g4611.t1,362,39.82,SP,No_TM
g10614.t2,1074,118.14,SP,No_TM
g4825.t1,213,23.43,SP,No_TM
g14701.t1,545,59.95,SP,No_TM
g9961.t1,270,29.7,SP,No_TM
g9460.t1,365,40.15,SP,No_TM
g14981.t1,446,49.06,SP,No_TM
g10661.t2,384,42.24,SP,No_TM
g7386.t1,517,56.87,SP,No_TM
g4725.t1,384,42.24,SP,No_TM
g5432.t1,551,60.61,SP,No_TM
g11277.t1,363,39.93,SP,No_TM
g9889.t1,154,16.94,SP,No_TM
g14585.t1,349,38.39,SP,No_TM
g12415.t1,888,97.68,SP,No_TM
g4061.t1,593,65.23,SP,No_TM
g3713.t1,151,16.61,SP,No_TM
g13870.t1,699,76.89,SP,No_TM
g3430.t1,183,20.13,SP,No_TM
g12223.t1,232,25.52,SP,No_TM
g6584.t1,341,37.51,SP,No_TM
g3344.t1,363,39.93,SP,No_TM
g12717.t1,389,42.79,SP,No_TM
g882.t1,528,58.08,SP,No_TM
g9714.t1,592,65.12,SP,No_TM
g591.t1,204,22.44,SP,No_TM
g2611.t1,276,30.36,SP,No_TM
g8927.t1,579,63.69,SP,No_TM
g12857.t1,392,43.12,SP,No_TM
g13665.t1,385,42.35,SP,No_TM
g13005.t1,587,64.57,SP,No_TM
g7293.t1,425,46.75,SP,No_TM
g7539.t1,627,68.97,SP,No_TM
g5994.t1,337,37.07,SP,No_TM
g3671.t1,539,59.29,SP,No_TM
g8954.t1,163,17.93,SP,No_TM
g14459.t1,869,95.59,SP,No_TM
g14731.t1,383,42.13,SP,No_TM
g496.t1,246,27.06,SP,No_TM
g5109.t2,456,50.16,SP,No_TM
g3017.t1,510,56.1,SP,No_TM
g12462.t1,387,42.57,SP,No_TM
g14533.t1,543,59.73,SP,No_TM
g12998.t1,386,42.46,SP,No_TM
g12773.t1,841,92.51,SP,No_TM
g11179.t1,240,26.4,SP,No_TM
g9706.t1,189,20.79,SP,No_TM
g3298.t2,505,55.55,SP,No_TM
g4335.t1,322,35.42,SP,No_TM
g2207.t1,258,28.38,SP,No_TM
g2537.t1,325,35.75,SP,No_TM
g1217.t1,333,36.63,SP,No_TM
g2134.t1,723,79.53,SP,No_TM
g111.t1,589,64.79,SP,No_TM
g6080.t1,155,17.05,SP,No_TM
g1084.t1,575,63.25,SP,No_TM
g15307.t1,397,43.67,SP,No_TM
g14612.t1,247,27.17,SP,No_TM
g1703.t1,290,31.9,SP,No_TM
g9382.t2,641,70.51,SP,No_TM
g3059.t1,254,27.94,SP,No_TM
g5493.t1,233,25.63,SP,No_TM
g12712.t1,365,40.15,SP,No_TM
g3540.t1,267,29.37,SP,No_TM
g14262.t1,616,67.76,SP,No_TM
g2410.t1,239,26.29,SP,No_TM
g3938.t1,1043,114.73,SP,No_TM
g11579.t1,379,41.69,SP,No_TM
g5310.t1,227,24.97,SP,No_TM
g6421.t1,192,21.12,SP,No_TM
g4705.t1,151,16.61,SP,No_TM
g8149.t1,403,44.33,SP,No_TM
g1205.t1,234,25.74,SP,No_TM
g12489.t1,800,88.0,SP,No_TM
g8537.t1,250,27.5,SP,No_TM
g11897.t1,161,17.71,SP,No_TM
g4706.t1,229,25.19,SP,No_TM
g5770.t2,1010,111.1,SP,No_TM
g7068.t1,265,29.15,SP,No_TM
g9673.t1,382,42.02,SP,No_TM
g9780.t1,202,22.22,SP,No_TM
g10443.t1,238,26.18,SP,No_TM
g6544.t1,334,36.74,SP,No_TM
g4456.t1,263,28.93,SP,No_TM
g7435.t1,256,28.16,SP,No_TM
g13858.t1,520,57.2,SP,No_TM
g14144.t1,451,49.61,SP,No_TM
g316.t1,156,17.16,SP,No_TM
g13391.t1,407,44.77,SP,No_TM
g6907.t1,217,23.87,SP,No_TM
g9031.t1,289,31.79,SP,No_TM
g4024.t1,592,65.12,SP,No_TM
g11825.t1,469,51.59,SP,No_TM
g4329.t1,350,38.5,SP,No_TM
g829.t2,959,105.49,SP,No_TM
g15214.t1,244,26.84,SP,No_TM
g1105.t1,242,26.62,SP,No_TM
g14282.t1,357,39.27,SP,No_TM
g4521.t1,244,26.84,SP,No_TM
g2772.t1,361,39.71,SP,No_TM
g7183.t1,908,99.88,SP,No_TM
g11581.t1,273,30.03,SP,No_TM
g1270.t2,183,20.13,SP,No_TM
g556.t1,307,33.77,SP,No_TM
g5706.t1,340,37.4,SP,No_TM
g14244.t1,215,23.65,SP,No_TM
g6945.t1,218,23.98,SP,No_TM
g13307.t1,418,45.98,SP,No_TM
g2601.t1,359,39.49,SP,No_TM
g5277.t1,562,61.82,SP,No_TM
g13320.t1,493,54.23,SP,No_TM
g4025.t1,417,45.87,SP,No_TM
g8154.t1,653,71.83,SP,No_TM
g9471.t1,522,57.42,SP,No_TM
g6970.t1,290,31.9,SP,No_TM
g5770.t1,881,96.91,SP,No_TM
g3978.t1,450,49.5,SP,No_TM
g7680.t1,334,36.74,SP,No_TM
g1773.t1,721,79.31,SP,No_TM
g13815.t1,483,53.13,SP,No_TM
g12015.t1,368,40.48,SP,No_TM
g13144.t1,326,35.86,SP,No_TM
g15218.t1,441,48.51,SP,No_TM
g10750.t1,245,26.95,SP,No_TM
g7221.t1,188,20.68,SP,No_TM
g7721.t1,265,29.15,SP,No_TM
g3774.t1,593,65.23,SP,No_TM
g7762.t1,478,52.58,SP,No_TM
g4086.t1,317,34.87,SP,No_TM
g1840.t1,359,39.49,SP,No_TM
g10342.t1,181,19.91,SP,No_TM
g14606.t2,316,34.76,SP,No_TM
g5367.t2,707,77.77,SP,No_TM
g10933.t1,506,55.66,SP,No_TM
g5859.t1,384,42.24,SP,No_TM
g3271.t1,560,61.6,SP,No_TM
g8403.t1,680,74.8,SP,No_TM
g13887.t1,544,59.84,SP,No_TM
g4181.t1,228,25.08,SP,No_TM
g13640.t1,816,89.76,SP,No_TM
g3282.t1,212,23.32,SP,No_TM
g11574.t1,490,53.9,SP,No_TM
g8409.t1,343,37.73,SP,No_TM
g7743.t1,474,52.14,SP,No_TM
g11762.t1,667,73.37,SP,No_TM
g14515.t1,427,46.97,SP,No_TM
g6241.t1,805,88.55,SP,No_TM
g6621.t1,261,28.71,SP,No_TM
g4796.t1,862,94.82,SP,No_TM
g12976.t1,665,73.15,SP,No_TM
g1919.t1,535,58.85,SP,No_TM
g5155.t2,516,56.76,SP,No_TM
g5299.t1,539,59.29,SP,No_TM
g13499.t2,591,65.01,SP,No_TM
g14149.t1,709,77.99,SP,No_TM
g5107.t1,301,33.11,SP,No_TM
g4401.t1,985,108.35,SP,No_TM
g1425.t1,406,44.66,SP,No_TM
g2986.t1,365,40.15,SP,No_TM
g8067.t1,222,24.42,SP,No_TM
g1465.t1,361,39.71,SP,No_TM
g15176.t1,423,46.53,SP,No_TM
g12521.t1,491,54.01,SP,No_TM
g1740.t1,1007,110.77,SP,No_TM
g14439.t1,356,39.16,SP,No_TM
g4336.t1,620,68.2,SP,No_TM
g10500.t2,822,90.42,SP,No_TM
g806.t1,168,18.48,SP,No_TM
g12151.t1,374,41.14,SP,No_TM
g12152.t1,405,44.55,SP,No_TM
g7669.t1,396,43.56,SP,No_TM
g5404.t1,532,58.52,SP,No_TM
g6492.t1,363,39.93,SP,No_TM
g8375.t1,618,67.98,SP,No_TM
g10982.t1,497,54.67,SP,No_TM
g3290.t1,232,25.52,SP,No_TM
g6474.t1,412,45.32,SP,No_TM
g1274.t1,437,48.07,SP,No_TM
g14832.t1,248,27.28,SP,No_TM
g10562.t1,401,44.11,SP,No_TM
g15069.t1,520,57.2,SP,No_TM
g4234.t1,794,87.34,SP,No_TM
g4154.t1,698,76.78,SP,No_TM
g4256.t1,431,47.41,SP,No_TM
g13796.t1,328,36.08,SP,No_TM
g7116.t1,339,37.29,SP,No_TM
g11444.t1,888,97.68,SP,No_TM
g1896.t1,312,34.32,SP,No_TM
g10540.t1,301,33.11,SP,No_TM
g8075.t1,410,45.1,SP,No_TM
g10442.t1,677,74.47,SP,No_TM
g10781.t1,332,36.52,SP,No_TM
g14877.t1,386,42.46,SP,No_TM
g1372.t1,396,43.56,SP,No_TM
g4661.t1,502,55.22,SP,No_TM
g12780.t1,355,39.05,SP,No_TM
g4274.t1,693,76.23,SP,No_TM
g14454.t1,602,66.22,SP,No_TM
g854.t1,328,36.08,SP,No_TM
g829.t1,982,108.02,SP,No_TM
g15436.t1,236,25.96,SP,No_TM
g2321.t1,305,33.55,SP,No_TM
g2900.t1,480,52.8,SP,No_TM
g12319.t1,1407,154.77,SP,No_TM
g5298.t1,613,67.43,SP,No_TM
g6793.t1,325,35.75,SP,No_TM
g13689.t1,438,48.18,SP,No_TM
g7495.t1,427,46.97,SP,No_TM
g7358.t2,574,63.14,SP,No_TM
g14438.t1,363,39.93,SP,No_TM
g11826.t1,408,44.88,SP,No_TM
g12721.t1,339,37.29,SP,No_TM
g911.t2,327,35.97,SP,No_TM
g64.t1,166,18.26,SP,No_TM
g970.t1,546,60.06,SP,No_TM
g15021.t1,244,26.84,SP,No_TM
g14904.t1,223,24.53,SP,No_TM
g10730.t1,295,32.45,SP,No_TM
g14903.t1,338,37.18,SP,No_TM
g8384.t1,213,23.43,SP,No_TM
g422.t1,504,55.44,SP,No_TM
g5861.t1,268,29.48,SP,No_TM
g11686.t1,383,42.13,SP,No_TM
g12906.t1,448,49.28,SP,No_TM
g4439.t1,200,22.0,SP,No_TM
g6578.t1,170,18.7,SP,No_TM
g10224.t1,362,39.82,SP,No_TM
g14973.t1,574,63.14,SP,No_TM
g11086.t1,466,51.26,SP,No_TM
g14.t1,152,16.72,SP,No_TM
g4958.t1,312,34.32,SP,No_TM
g11675.t1,303,33.33,SP,No_TM
g11229.t2,520,57.2,SP,No_TM
g7186.t2,496,54.56,SP,No_TM
g3482.t2,841,92.51,SP,No_TM
g6209.t1,486,53.46,SP,No_TM
g12045.t1,581,63.91,SP,No_TM
g8385.t1,606,66.66,SP,No_TM
g6705.t1,799,87.89,SP,No_TM
g11665.t1,539,59.29,SP,No_TM
g3482.t1,801,88.11,SP,No_TM
g6225.t1,406,44.66,SP,No_TM
g11584.t1,218,23.98,SP,No_TM
g13436.t1,802,88.22,SP,No_TM
g3496.t1,649,71.39,SP,No_TM
g9087.t1,200,22.0,SP,No_TM
g5705.t2,325,35.75,SP,No_TM
g5029.t1,157,17.27,SP,No_TM
g6238.t1,563,61.93,SP,No_TM
g5974.t1,204,22.44,SP,No_TM
g11612.t1,446,49.06,SP,No_TM
g13992.t1,351,38.61,SP,No_TM
g12128.t1,250,27.5,SP,No_TM
g461.t1,432,47.52,SP,No_TM
g8415.t1,172,18.92,SP,No_TM
g2549.t2,150,16.5,SP,No_TM
g7615.t1,539,59.29,SP,No_TM
g964.t1,584,64.24,SP,No_TM
g12749.t1,908,99.88,SP,No_TM
g6728.t1,256,28.16,SP,No_TM
g10266.t1,219,24.09,SP,No_TM
g1758.t1,377,41.47,SP,No_TM
g2810.t1,391,43.01,SP,No_TM
g10515.t1,317,34.87,SP,No_TM
g4066.t1,996,109.56,SP,No_TM
g10845.t1,316,34.76,SP,No_TM
g1500.t1,823,90.53,SP,No_TM
g586.t1,599,65.89,SP,No_TM
g206.t1,593,65.23,SP,No_TM
g3090.t1,462,50.82,SP,No_TM
g8543.t1,329,36.19,SP,No_TM
g1079.t2,466,51.26,SP,No_TM
g12668.t1,693,76.23,SP,No_TM
g11551.t1,265,29.15,SP,No_TM
g10392.t1,336,36.96,SP,No_TM
g4008.t1,1019,112.09,SP,No_TM
g7267.t3,337,37.07,SP,No_TM
g7903.t1,824,90.64,SP,No_TM
g12374.t1,528,58.08,SP,No_TM
g28.t1,309,33.99,SP,No_TM
g13885.t1,229,25.19,SP,No_TM
g12770.t1,468,51.48,SP,No_TM
g12130.t1,270,29.7,SP,No_TM
g2249.t1,210,23.1,SP,No_TM
g11914.t1,384,42.24,SP,No_TM
g11105.t1,433,47.63,SP,No_TM
g3354.t1,272,29.92,SP,No_TM
g3423.t1,918,100.98,SP,No_TM
g5232.t1,236,25.96,SP,No_TM
g6458.t1,412,45.32,SP,No_TM
g12653.t1,359,39.49,SP,No_TM
g6012.t2,1280,140.8,SP,No_TM
g3977.t1,915,100.65,SP,No_TM
g6650.t1,500,55.0,SP,No_TM
g10582.t1,1331,146.41,SP,No_TM
g13497.t1,424,46.64,SP,No_TM
g6898.t1,500,55.0,SP,No_TM
g11186.t2,356,39.16,SP,No_TM
g14503.t1,446,49.06,SP,No_TM
g3634.t1,566,62.26,SP,No_TM
g9910.t1,244,26.84,SP,No_TM
g13452.t1,858,94.38,SP,No_TM
g4083.t1,198,21.78,SP,No_TM
g8886.t1,400,44.0,SP,No_TM
g4003.t1,578,63.58,SP,No_TM
g15134.t2,232,25.52,SP,No_TM
g1024.t1,641,70.51,SP,No_TM
g8283.t1,195,21.45,SP,No_TM
g15327.t1,165,18.15,SP,No_TM
g9496.t1,558,61.38,SP,No_TM
g12395.t1,561,61.71,SP,No_TM
g3351.t1,228,25.08,SP,No_TM
g700.t1,294,32.34,SP,No_TM
g8688.t1,687,75.57,SP,No_TM
g13845.t1,240,26.4,SP,No_TM
g15350.t1,256,28.16,SP,No_TM
g11016.t1,349,38.39,SP,No_TM
g11856.t2,673,74.03,SP,No_TM
g14312.t1,865,95.15,SP,No_TM
g6679.t1,455,50.05,SP,No_TM
g280.t1,658,72.38,SP,No_TM
g11689.t1,166,18.26,SP,No_TM
g7150.t1,184,20.24,SP,No_TM
g10647.t1,209,22.99,SP,No_TM
g12726.t1,603,66.33,SP,No_TM
g6712.t1,1089,119.79,SP,No_TM
g9721.t1,231,25.41,SP,No_TM
g3315.t1,339,37.29,SP,No_TM
g11822.t1,495,54.45,SP,No_TM
g5568.t1,243,26.73,SP,No_TM
g5480.t1,435,47.85,SP,No_TM
g2423.t1,381,41.91,SP,No_TM
g10352.t1,382,42.02,SP,No_TM
g15170.t1,469,51.59,SP,No_TM
g3189.t1,220,24.2,SP,No_TM
g12708.t1,343,37.73,SP,No_TM
g4524.t1,283,31.13,SP,No_TM
g1906.t1,1360,149.6,SP,No_TM
g3607.t1,397,43.67,SP,No_TM
g7840.t1,563,61.93,SP,No_TM
g12782.t1,464,51.04,SP,No_TM
g1106.t1,1576,173.36,SP,No_TM
g10929.t1,800,88.0,SP,No_TM
g9300.t1,570,62.7,SP,No_TM
g15019.t1,562,61.82,SP,No_TM
g11687.t1,356,39.16,SP,No_TM
g11366.t1,545,59.95,SP,No_TM
g7920.t1,438,48.18,SP,No_TM
g10019.t1,373,41.03,SP,No_TM
g10801.t1,836,91.96,SP,No_TM
g3048.t1,464,51.04,SP,No_TM
g4048.t1,227,24.97,SP,No_TM
g12501.t1,520,57.2,SP,No_TM
g13070.t1,179,19.69,SP,No_TM
g13193.t1,393,43.23,SP,No_TM
g3971.t1,381,41.91,SP,No_TM
g6224.t1,430,47.3,SP,No_TM
g5805.t1,438,48.18,SP,No_TM
g10500.t1,801,88.11,SP,No_TM
g10503.t1,708,77.88,SP,No_TM
g14659.t1,456,50.16,SP,No_TM
g386.t1,151,16.61,SP,No_TM
g3151.t1,240,26.4,SP,No_TM
g6205.t1,670,73.7,SP,No_TM
g11536.t1,697,76.67,SP,No_TM
g9705.t1,561,61.71,SP,No_TM
g7929.t1,456,50.16,SP,No_TM
g222.t1,377,41.47,SP,No_TM
g14369.t1,716,78.76,SP,No_TM
g2191.t1,319,35.09,SP,No_TM
g2536.t1,546,60.06,SP,No_TM
g9694.t1,335,36.85,SP,No_TM
g2524.t1,241,26.51,SP,No_TM
g7008.t1,530,58.3,SP,No_TM
g15255.t1,523,57.53,SP,No_TM
g8349.t2,314,34.54,SP,No_TM
g14938.t1,1002,110.22,SP,No_TM
g7551.t1,347,38.17,SP,No_TM
g5245.t1,230,25.3,SP,No_TM
g12576.t1,2093,230.23,SP,No_TM
g10594.t1,414,45.54,SP,No_TM
g10853.t1,716,78.76,SP,No_TM
g11998.t1,624,68.64,SP,No_TM
g11384.t1,423,46.53,SP,No_TM
g8953.t1,442,48.62,SP,No_TM
g625.t1,620,68.2,SP,No_TM
g10934.t1,458,50.38,SP,No_TM
g4522.t1,375,41.25,SP,No_TM
g3272.t2,285,31.35,SP,No_TM
g3611.t1,778,85.58,SP,No_TM
g4828.t1,325,35.75,SP,No_TM
g15287.t1,796,87.56,SP,No_TM
g8943.t1,336,36.96,SP,No_TM
g5899.t3,392,43.12,SP,No_TM
g15131.t2,1096,120.56,SP,No_TM
g4692.t1,1693,186.23,SP,No_TM
g11908.t1,450,49.5,SP,No_TM
g11688.t1,571,62.81,SP,No_TM
g905.t1,616,67.76,SP,No_TM
g12228.t1,1479,162.69,SP,No_TM
g6742.t1,399,43.89,SP,No_TM
g3957.t1,292,32.12,SP,No_TM
g6200.t1,416,45.76,SP,No_TM
g9678.t1,473,52.03,SP,No_TM
g4444.t1,315,34.65,SP,No_TM
g1250.t1,603,66.33,SP,No_TM
g4205.t1,161,17.71,SP,No_TM
g14173.t1,676,74.36,SP,No_TM
g1859.t1,787,86.57,SP,No_TM
g9247.t1,384,42.24,SP,No_TM
g8905.t1,268,29.48,SP,No_TM
g4660.t1,669,73.59,SP,No_TM
g6582.t1,209,22.99,SP,No_TM
g193.t1,635,69.85,SP,No_TM
g10666.t1,531,58.41,SP,No_TM
g4769.t1,450,49.5,SP,No_TM
g1249.t1,191,21.01,SP,No_TM
g10005.t1,160,17.6,SP,No_TM
g12743.t1,318,34.98,SP,No_TM
g10018.t1,370,40.7,SP,No_TM
g4604.t1,634,69.74,SP,No_TM
g2110.t1,476,52.36,SP,No_TM
g8043.t1,526,57.86,SP,No_TM
g13798.t1,150,16.5,SP,No_TM
g14742.t1,406,44.66,SP,No_TM
g3899.t1,384,42.24,SP,No_TM
g12594.t1,293,32.23,SP,No_TM
g7330.t1,189,20.79,SP,No_TM
g3765.t1,150,16.5,SP,No_TM
g14701.t2,525,57.75,SP,No_TM
g687.t1,802,88.22,SP,No_TM
g7564.t1,368,40.48,SP,No_TM
g12490.t1,417,45.87,SP,No_TM
g4793.t1,787,86.57,SP,No_TM
g9680.t2,713,78.43,SP,No_TM
g10692.t1,258,28.38,SP,No_TM
g916.t1,341,37.51,SP,No_TM
g13389.t2,207,22.77,SP,No_TM
g4469.t1,586,64.46,SP,No_TM
g12677.t1,324,35.64,SP,No_TM
g8115.t1,403,44.33,SP,No_TM
g9185.t1,502,55.22,SP,No_TM
g9708.t1,423,46.53,SP,No_TM
g5807.t1,362,39.82,SP,No_TM
g6730.t1,314,34.54,SP,No_TM
g1989.t1,675,74.25,SP,No_TM
g12455.t1,437,48.07,SP,No_TM
g808.t1,291,32.01,SP,No_TM
g13628.t1,578,63.58,SP,No_TM
g3436.t1,536,58.96,SP,No_TM
g1806.t2,172,18.92,SP,No_TM
g15458.t1,241,26.51,SP,No_TM
g4971.t1,181,19.91,SP,No_TM
g9488.t1,463,50.93,SP,No_TM
g1700.t1,492,54.12,SP,No_TM
g15200.t1,273,30.03,SP,No_TM
g676.t1,579,63.69,SP,No_TM
g8518.t1,380,41.8,SP,No_TM
g14095.t1,491,54.01,SP,No_TM
g10330.t2,329,36.19,SP,No_TM
g5652.t1,174,19.14,SP,No_TM
g9805.t1,405,44.55,SP,No_TM
g913.t1,517,56.87,SP,No_TM
g12195.t2,165,18.15,SP,No_TM
g13996.t1,228,25.08,SP,No_TM
g1168.t1,584,64.24,SP,No_TM
g2747.t1,340,37.4,SP,No_TM
g7433.t2,767,84.37,SP,No_TM
g14772.t1,865,95.15,SP,No_TM
g744.t1,330,36.3,SP,No_TM
g10571.t1,326,35.86,SP,No_TM
g7717.t1,397,43.67,SP,No_TM
g4849.t1,234,25.74,SP,No_TM
g2488.t1,599,65.89,SP,No_TM
g13895.t1,421,46.31,SP,No_TM
g6859.t1,170,18.7,SP,No_TM
g6145.t1,266,29.26,SP,No_TM
g4054.t1,542,59.62,SP,No_TM
g2360.t1,265,29.15,SP,No_TM
g1143.t1,206,22.66,SP,No_TM
g15457.t1,1019,112.09,SP,No_TM
g11941.t2,592,65.12,SP,No_TM
g946.t1,288,31.68,SP,No_TM
g7382.t1,572,62.92,SP,No_TM
g7358.t1,734,80.74,SP,No_TM
g8590.t1,487,53.57,SP,No_TM
g3803.t1,355,39.05,SP,No_TM
g13491.t1,246,27.06,SP,No_TM
g424.t1,414,45.54,SP,No_TM
g6046.t1,563,61.93,SP,No_TM
g4215.t1,451,49.61,SP,No_TM
g8847.t1,272,29.92,SP,No_TM
g6047.t1,210,23.1,SP,No_TM
g12404.t1,464,51.04,SP,No_TM
g4032.t1,651,71.61,SP,No_TM
g11443.t1,347,38.17,SP,No_TM
g6400.t2,624,68.64,SP,No_TM
g5734.t1,261,28.71,SP,No_TM
g11186.t1,626,68.86,SP,No_TM
g890.t1,420,46.2,SP,No_TM
g3464.t2,393,43.23,SP,No_TM
g4456.t2,295,32.45,SP,No_TM
g3361.t1,217,23.87,SP,No_TM
g10898.t1,328,36.08,SP,No_TM
g3387.t1,251,27.61,SP,No_TM
g3187.t1,154,16.94,SP,No_TM
g8400.t1,220,24.2,SP,No_TM
g13807.t1,278,30.58,SP,No_TM
g4601.t1,209,22.99,SP,No_TM
g11900.t1,240,26.4,SP,No_TM
g15197.t1,509,55.99,SP,No_TM
g5428.t1,578,63.58,SP,No_TM
g212.t1,822,90.42,SP,No_TM
g3948.t1,251,27.61,SP,No_TM
g5368.t1,395,43.45,SP,No_TM
g12255.t2,313,34.43,SP,No_TM
g188.t1,870,95.7,SP,No_TM
g9066.t2,618,67.98,SP,No_TM
g8249.t1,176,19.36,SP,No_TM
g13099.t1,571,62.81,SP,No_TM
g511.t1,576,63.36,SP,No_TM
g12235.t1,343,37.73,SP,No_TM
g13402.t1,623,68.53,SP,No_TM
g15432.t1,586,64.46,SP,No_TM
g7500.t1,173,19.03,SP,No_TM
g14606.t1,331,36.41,SP,No_TM
g7397.t1,614,67.54,SP,No_TM
g13247.t1,639,70.29,SP,No_TM
g6591.t1,274,30.14,SP,No_TM
g7417.t1,437,48.07,SP,No_TM
g7197.t1,342,37.62,SP,No_TM
g14319.t1,302,33.22,SP,No_TM
g5482.t1,319,35.09,SP,No_TM
g3042.t1,535,58.85,SP,No_TM
g5896.t1,233,25.63,SP,No_TM
g10098.t1,222,24.42,SP,No_TM
g7042.t1,490,53.9,SP,No_TM
g13172.t1,572,62.92,SP,No_TM
g10009.t1,325,35.75,SP,No_TM
g14618.t2,506,55.66,SP,No_TM
g11102.t1,544,59.84,SP,No_TM
g4050.t1,564,62.04,SP,No_TM
g3173.t1,289,31.79,SP,No_TM
g9039.t1,333,36.63,SP,No_TM
g4686.t1,375,41.25,SP,No_TM
g7812.t1,263,28.93,SP,No_TM
g7756.t1,363,39.93,SP,No_TM
g11697.t1,209,22.99,SP,No_TM
g8246.t1,793,87.23,SP,No_TM
g14325.t1,878,96.58,SP,No_TM
g10871.t1,1080,118.8,SP,No_TM
g3732.t1,190,20.9,SP,No_TM
g9963.t1,493,54.23,SP,No_TM
g8887.t1,495,54.45,SP,No_TM
g5238.t1,250,27.5,SP,No_TM
g4408.t1,347,38.17,SP,No_TM
g7391.t1,269,29.59,SP,No_TM
g12315.t1,187,20.57,SP,No_TM
g13444.t1,496,54.56,SP,No_TM
g3919.t1,536,58.96,SP,No_TM
g9170.t1,1249,137.39,SP,No_TM
g13740.t1,646,71.06,SP,No_TM
g12590.t1,526,57.86,SP,No_TM
g4915.t1,398,43.78,SP,No_TM
g12670.t1,395,43.45,SP,No_TM
g4328.t1,218,23.98,SP,No_TM
g324.t1,401,44.11,SP,No_TM
g12254.t1,398,43.78,SP,No_TM
g743.t1,497,54.67,SP,No_TM
g13580.t1,887,97.57,SP,No_TM
g14945.t2,700,77.0,SP,No_TM
g3643.t2,580,63.8,SP,No_TM
g7347.t1,526,57.86,SP,No_TM
g11234.t1,473,52.03,SP,No_TM
g5273.t1,668,73.48,SP,No_TM
g507.t1,594,65.34,SP,No_TM
g4487.t1,597,65.67,SP,No_TM
g5760.t1,536,58.96,SP,No_TM
g12682.t1,234,25.74,SP,No_TM
g11741.t2,426,46.86,SP,No_TM
g6647.t1,570,62.7,SP,No_TM
g14420.t1,594,65.34,SP,No_TM
g7161.t1,1283,141.13,SP,No_TM
g4949.t1,566,62.26,SP,No_TM
g2559.t1,293,32.23,SP,No_TM
g14624.t1,415,45.65,SP,No_TM
g8155.t1,900,99.0,SP,No_TM
g173.t1,316,34.76,SP,No_TM
g10668.t1,481,52.91,SP,No_TM
g10913.t1,263,28.93,SP,No_TM
g14089.t1,169,18.59,SP,No_TM
g3932.t1,420,46.2,SP,No_TM
g3094.t1,605,66.55,SP,No_TM
g2304.t1,268,29.48,SP,No_TM
g12841.t1,155,17.05,SP,No_TM
g14274.t1,500,55.0,SP,No_TM
g10713.t2,151,16.61,SP,No_TM
g990.t1,225,24.75,SP,No_TM
g1986.t1,554,60.94,SP,No_TM
g13753.t1,937,103.07,SP,No_TM
g12477.t1,552,60.72,SP,No_TM
g7470.t1,830,91.3,SP,No_TM
g14597.t1,319,35.09,SP,No_TM
g1719.t1,577,63.47,SP,No_TM
g2990.t1,364,40.04,SP,No_TM
g61.t1,190,20.9,SP,No_TM
g9542.t1,154,16.94,SP,No_TM
g2189.t1,531,58.41,SP,No_TM
g660.t1,444,48.84,SP,No_TM
g11732.t1,389,42.79,SP,No_TM
g6425.t1,553,60.83,SP,No_TM
g1910.t1,1030,113.3,SP,No_TM
g9778.t2,404,44.44,SP,No_TM
g1690.t1,302,33.22,SP,No_TM
g9497.t1,399,43.89,SP,No_TM
g6213.t1,371,40.81,SP,No_TM
g167.t2,498,54.78,SP,No_TM
g14344.t1,414,45.54,SP,No_TM
g4010.t1,309,33.99,SP,No_TM
g7005.t1,220,24.2,SP,No_TM
g5004.t1,1435,157.85,SP,No_TM
g6028.t1,163,17.93,SP,No_TM
g7565.t1,510,56.1,SP,No_TM
g11540.t1,157,17.27,SP,No_TM
g2310.t1,838,92.18,SP,No_TM
g11617.t1,377,41.47,SP,No_TM
g5625.t1,328,36.08,SP,No_TM
g10909.t1,254,27.94,SP,No_TM
g9237.t1,297,32.67,SP,No_TM
g5057.t1,709,77.99,SP,No_TM
g11800.t1,340,37.4,SP,No_TM
g2550.t1,259,28.49,SP,No_TM
g4007.t1,455,50.05,SP,No_TM
g12953.t1,322,35.42,SP,No_TM
g3918.t1,233,25.63,SP,No_TM
g7651.t1,1226,134.86,SP,No_TM
g8927.t2,602,66.22,SP,No_TM
g11743.t1,410,45.1,SP,No_TM
g3917.t1,365,40.15,SP,No_TM
g12644.t1,446,49.06,SP,No_TM
g9382.t1,585,64.35,SP,No_TM
g1424.t1,517,56.87,SP,No_TM
g14068.t1,625,68.75,SP,No_TM
g2564.t1,262,28.82,SP,No_TM
g10329.t1,192,21.12,SP,No_TM
g15124.t1,215,23.65,SP,No_TM
g523.t1,473,52.03,SP,No_TM
g4838.t1,329,36.19,SP,No_TM
g9738.t1,264,29.04,SP,No_TM
g428.t1,221,24.31,SP,No_TM
g3212.t1,581,63.91,SP,No_TM
g989.t1,315,34.65,SP,No_TM
g1270.t1,508,55.88,SP,No_TM
g3729.t1,380,41.8,SP,No_TM
g10020.t1,506,55.66,SP,No_TM
g1677.t1,511,56.21,SP,No_TM
g410.t1,605,66.55,SP,No_TM
g12450.t1,309,33.99,SP,No_TM
g2657.t1,180,19.8,SP,No_TM
g4243.t1,387,42.57,SP,No_TM
g5831.t1,153,16.83,SP,No_TM
g6519.t1,372,40.92,SP,No_TM
g10152.t1,476,52.36,SP,No_TM
g10596.t1,152,16.72,SP,No_TM
g1711.t1,462,50.82,SP,No_TM
g2251.t1,286,31.46,SP,No_TM
g8211.t2,532,58.52,SP,No_TM
g11106.t1,2511,276.21,SP,No_TM
g15221.t1,452,49.72,SP,No_TM
g252.t1,676,74.36,SP,No_TM
g12470.t1,504,55.44,SP,No_TM
g9287.t1,501,55.11,SP,No_TM
g4890.t1,199,21.89,SP,No_TM
g2748.t1,402,44.22,SP,No_TM
g4254.t1,1417,155.87,SP,No_TM
g7849.t1,302,33.22,SP,No_TM
g12403.t1,1124,123.64,SP,No_TM
g13585.t1,223,24.53,SP,No_TM
g167.t1,476,52.36,SP,No_TM
g13389.t1,200,22.0,SP,No_TM
g465.t1,158,17.38,SP,No_TM
g4318.t1,864,95.04,SP,No_TM
g300.t1,193,21.23,SP,No_TM
g14628.t1,322,35.42,SP,No_TM
g13851.t1,155,17.05,SP,No_TM
g7996.t1,295,32.45,SP,No_TM
g11668.t1,406,44.66,SP,No_TM
g8103.t1,152,16.72,SP,No_TM
g9902.t1,492,54.12,SP,No_TM
g4606.t1,253,27.83,SP,No_TM
g11466.t1,187,20.57,SP,No_TM
g4794.t1,265,29.15,SP,No_TM
g14780.t1,247,27.17,SP,No_TM
g1318.t1,206,22.66,SP,No_TM
g7822.t1,533,58.63,SP,No_TM
g3266.t1,391,43.01,SP,No_TM
g10000.t1,246,27.06,SP,No_TM
g6395.t2,343,37.73,SP,No_TM
g3460.t1,254,27.94,SP,No_TM
g1552.t1,569,62.59,SP,No_TM
g14630.t1,194,21.34,SP,No_TM
g3274.t1,197,21.67,SP,No_TM
g7438.t1,294,32.34,SP,No_TM
g7797.t1,380,41.8,SP,No_TM
g8604.t1,852,93.72,SP,No_TM
g14337.t1,342,37.62,SP,No_TM
g14940.t1,606,66.66,SP,No_TM
g8605.t1,153,16.83,SP,No_TM
g5243.t1,485,53.35,SP,No_TM
g15320.t1,523,57.53,SP,No_TM
g6475.t1,497,54.67,SP,No_TM
g2231.t1,303,33.33,SP,No_TM
g13712.t2,355,39.05,SP,No_TM
g10121.t1,342,37.62,SP,No_TM
g3424.t1,237,26.07,SP,No_TM
g3114.t1,220,24.2,SP,No_TM
g11796.t1,592,65.12,SP,No_TM
g9372.t1,374,41.14,SP,No_TM
g5254.t1,344,37.84,SP,No_TM
g9939.t1,583,64.13,SP,No_TM
g1175.t1,259,28.49,SP,No_TM
g3050.t1,627,68.97,SP,No_TM
g4273.t1,585,64.35,SP,No_TM
g5136.t1,386,42.46,SP,No_TM
g5834.t1,579,63.69,SP,No_TM
g6082.t1,176,19.36,SP,No_TM
g3093.t1,330,36.3,SP,No_TM
g4688.t1,186,20.46,SP,No_TM
g13581.t1,536,58.96,SP,No_TM
g11652.t1,317,34.87,SP,No_TM
g513.t1,482,53.02,SP,No_TM
g5818.t1,519,57.09,SP,No_TM
g3643.t1,477,52.47,SP,No_TM
g5305.t1,470,51.7,SP,No_TM
g10024.t2,552,60.72,SP,No_TM
g13850.t1,296,32.56,SP,No_TM
g8348.t1,569,62.59,SP,No_TM
g15267.t1,587,64.57,SP,No_TM
g11912.t1,816,89.76,SP,No_TM
g8884.t1,672,73.92,SP,No_TM
g3914.t1,352,38.72,SP,No_TM
g90.t1,565,62.15,SP,No_TM
g3762.t1,486,53.46,SP,No_TM
g4846.t1,394,43.34,SP,No_TM
g5263.t1,234,25.74,SP,No_TM
g263.t1,1213,133.43,SP,No_TM
g3827.t1,401,44.11,SP,No_TM
g10541.t1,2307,253.77,SP,No_TM
g6340.t3,193,21.23,SP,No_TM
g4638.t1,878,96.58,SP,No_TM
g11286.t1,960,105.6,SP,No_TM
g12527.t1,541,59.51,SP,No_TM
g9387.t1,385,42.35,SP,No_TM
g13875.t1,186,20.46,SP,No_TM
g9789.t1,421,46.31,SP,No_TM
g3017.t2,472,51.92,SP,No_TM
g13799.t1,313,34.43,SP,No_TM
g5533.t1,256,28.16,SP,No_TM
g11885.t1,205,22.55,SP,No_TM
g12671.t1,194,21.34,SP,No_TM
g838.t1,252,27.72,SP,No_TM
g3233.t1,562,61.82,SP,No_TM
g3877.t1,548,60.28,SP,No_TM
g1745.t1,543,59.73,SP,No_TM
g2724.t1,466,51.26,SP,No_TM
g15102.t1,202,22.22,SP,No_TM
g11551.t2,230,25.3,SP,No_TM
g10599.t1,565,62.15,SP,No_TM
g174.t1,317,34.87,SP,No_TM
g7697.t1,374,41.14,SP,No_TM
g3735.t1,491,54.01,SP,No_TM
g604.t1,293,32.23,SP,No_TM
g1131.t1,490,53.9,SP,No_TM
g5260.t1,479,52.69,SP,No_TM
g6503.t1,585,64.35,SP,No_TM
g7523.t1,367,40.37,SP,No_TM
g9801.t1,864,95.04,SP,No_TM
g254.t1,445,48.95,SP,No_TM
g15231.t1,267,29.37,SP,No_TM
g11568.t1,412,45.32,SP,No_TM
g7176.t1,471,51.81,SP,No_TM
g5376.t1,1218,133.98,SP,No_TM
g6221.t1,949,104.39,SP,No_TM
g7838.t1,201,22.11,SP,No_TM
g13941.t1,354,38.94,SP,No_TM
g14685.t1,546,60.06,SP,No_TM
g14747.t1,771,84.81,SP,No_TM
g4023.t1,307,33.77,SP,No_TM
g412.t1,1037,114.07,SP,No_TM
g13778.t1,549,60.39,SP,No_TM
g8052.t1,702,77.22,SP,No_TM
g12691.t1,434,47.74,SP,No_TM
g5312.t1,267,29.37,SP,No_TM
g11184.t1,657,72.27,SP,No_TM
g5782.t1,441,48.51,SP,No_TM
g2791.t1,400,44.0,SP,No_TM
g6477.t1,392,43.12,SP,No_TM
g1316.t1,332,36.52,SP,No_TM
g2396.t1,262,28.82,SP,No_TM
g13945.t1,627,68.97,SP,No_TM
g13540.t1,276,30.36,SP,No_TM
g15336.t1,263,28.93,SP,No_TM
g711.t1,462,50.82,SP,No_TM
g12494.t1,439,48.29,SP,No_TM
g11180.t1,485,53.35,SP,No_TM
g1809.t1,703,77.33,SP,No_TM
g11735.t1,433,47.63,SP,No_TM
g11741.t1,404,44.44,SP,No_TM
g14913.t1,382,42.02,SP,No_TM
g557.t2,628,69.08,SP,No_TM
g13898.t1,404,44.44,SP,No_TM
g8473.t1,449,49.39,SP,No_TM
g8349.t1,314,34.54,SP,No_TM
g13963.t1,699,76.89,SP,No_TM
g359.t2,335,36.85,SP,No_TM
g7023.t1,671,73.81,SP,No_TM
g10026.t1,197,21.67,SP,No_TM
g5262.t1,249,27.39,SP,No_TM
g2168.t2,578,63.58,SP,No_TM
g13812.t1,256,28.16,SP,No_TM
g2628.t1,314,34.54,SP,No_TM
g6347.t1,227,24.97,SP,No_TM
g2259.t1,675,74.25,SP,No_TM
g4376.t1,294,32.34,SP,No_TM
g12855.t1,764,84.04,SP,No_TM
g14023.t1,658,72.38,SP,No_TM
g6009.t1,391,43.01,SP,No_TM
g15195.t1,520,57.2,SP,No_TM
g225.t2,492,54.12,SP,No_TM
g5074.t1,391,43.01,SP,No_TM
g3934.t1,454,49.94,SP,No_TM
g163.t1,1281,140.91,SP,No_TM
g7613.t2,484,53.24,SP,No_TM
g8357.t1,381,41.91,SP,No_TM
g6109.t1,622,68.42,SP,No_TM
g3150.t1,455,50.05,SP,No_TM
g5705.t1,333,36.63,SP,No_TM
g6338.t1,330,36.3,SP,No_TM
g9773.t1,213,23.43,SP,No_TM
g12150.t1,640,70.4,SP,No_TM
g13804.t1,239,26.29,SP,No_TM
g11157.t1,365,40.15,SP,No_TM
g14195.t3,303,33.33,SP,No_TM
g7190.t1,1481,162.91,SP,No_TM
g11294.t1,150,16.5,SP,No_TM
g1723.t1,616,67.76,SP,No_TM
g3231.t1,504,55.44,SP,No_TM
g8810.t1,246,27.06,SP,No_TM
g14582.t1,371,40.81,SP,No_TM
g13997.t1,553,60.83,SP,No_TM
g3632.t2,211,23.21,SP,No_TM
g12664.t1,355,39.05,SP,No_TM
g2280.t1,395,43.45,SP,No_TM
g9907.t1,312,34.32,SP,No_TM
g8451.t1,599,65.89,SP,No_TM
g1975.t1,157,17.27,SP,No_TM
g12936.t1,322,35.42,SP,No_TM
g14853.t1,819,90.09,SP,No_TM
g767.t1,461,50.71,SP,No_TM
g873.t1,464,51.04,SP,No_TM
g736.t1,496,54.56,SP,No_TM
g2964.t1,194,21.34,SP,No_TM
g12907.t1,466,51.26,SP,No_TM
g570.t1,215,23.65,SP,No_TM
g7190.t2,1917,210.87,SP,No_TM
g8990.t1,223,24.53,SP,No_TM
g9758.t1,538,59.18,SP,No_TM
g13755.t1,375,41.25,SP,No_TM
g3786.t1,408,44.88,SP,No_TM
g130.t1,232,25.52,SP,No_TM
g14444.t1,694,76.34,SP,No_TM
g14589.t1,329,36.19,SP,No_TM
g10346.t1,318,34.98,SP,No_TM
g14191.t2,310,34.1,SP,No_TM
g8540.t1,776,85.36,SP,No_TM
g12552.t1,216,23.76,SP,No_TM
g3563.t1,437,48.07,SP,No_TM
g14172.t1,256,28.16,SP,No_TM
g5326.t1,461,50.71,SP,No_TM
g3230.t1,185,20.35,SP,No_TM
g9302.t1,538,59.18,SP,No_TM
g12054.t1,301,33.11,SP,No_TM
g6044.t1,191,21.01,SP,No_TM
g4299.t1,682,75.02,SP,No_TM
g11305.t1,404,44.44,SP,No_TM
g168.t1,761,83.71,SP,No_TM
g6397.t1,467,51.37,SP,No_TM
g13753.t2,980,107.8,SP,No_TM
g7974.t1,547,60.17,SP,No_TM
g8132.t1,706,77.66,SP,No_TM
g1124.t1,446,49.06,SP,No_TM
g12538.t2,834,91.74,SP,No_TM
g2406.t1,332,36.52,SP,No_TM
g1502.t1,207,22.77,SP,No_TM
g13390.t1,586,64.46,SP,No_TM
g3814.t1,794,87.34,SP,No_TM
g10943.t1,607,66.77,SP,No_TM
g7288.t1,421,46.31,SP,No_TM
g5048.t1,548,60.28,SP,No_TM
g1236.t1,983,108.13,SP,No_TM
g12735.t1,271,29.81,SP,No_TM
g15288.t1,274,30.14,SP,No_TM
g10836.t1,659,72.49,SP,No_TM
g14473.t1,652,71.72,SP,No_TM
g14584.t1,187,20.57,SP,No_TM
g5509.t1,399,43.89,SP,No_TM
g11671.t1,391,43.01,SP,No_TM
g14253.t3,230,25.3,SP,No_TM
g8776.t1,321,35.31,SP,No_TM
g11104.t1,376,41.36,SP,No_TM
g544.t1,346,38.06,SP,No_TM
g6640.t1,530,58.3,SP,No_TM
g11665.t2,565,62.15,SP,No_TM
g965.t1,574,63.14,SP,No_TM
g10542.t1,567,62.37,SP,No_TM
g677.t1,794,87.34,SP,No_TM
g12016.t1,365,40.15,SP,No_TM
g1437.t1,309,33.99,SP,No_TM
g10229.t1,249,27.39,SP,No_TM
g11244.t1,534,58.74,SP,No_TM
g4313.t1,1461,160.71,SP,No_TM
g7573.t1,367,40.37,SP,No_TM
g6661.t1,404,44.44,SP,No_TM
g14395.t1,368,40.48,SP,No_TM
g10827.t1,499,54.89,SP,No_TM
g9002.t1,614,67.54,SP,No_TM
g10338.t2,1130,124.3,SP,No_TM
g14942.t1,304,33.44,SP,No_TM
g13708.t1,506,55.66,SP,No_TM
g11752.t1,673,74.03,SP,No_TM
g5320.t1,1021,112.31,SP,No_TM
g988.t1,491,54.01,SP,No_TM
g14629.t1,331,36.41,SP,No_TM
g8278.t1,284,31.24,SP,No_TM
g12393.t1,229,25.19,SP,No_TM
g9416.t1,501,55.11,SP,No_TM
g13530.t1,511,56.21,SP,No_TM
g9243.t1,295,32.45,SP,No_TM
g11744.t1,418,45.98,SP,No_TM
g3251.t1,399,43.89,SP,No_TM
g13836.t1,182,20.02,SP,No_TM
g4980.t1,212,23.32,SP,No_TM
g1139.t1,817,89.87,SP,No_TM
g6074.t1,1932,212.52,SP,No_TM
g11899.t1,832,91.52,SP,No_TM
g120.t1,275,30.25,SP,No_TM
g3897.t1,474,52.14,SP,No_TM
g14279.t1,766,84.26,SP,No_TM
g906.t1,578,63.58,SP,No_TM
g13696.t1,301,33.11,SP,No_TM
g824.t1,342,37.62,SP,No_TM
g938.t1,311,34.21,SP,No_TM
g8023.t1,459,50.49,SP,No_TM
g287.t1,246,27.06,SP,No_TM
g795.t1,380,41.8,SP,No_TM
g5252.t2,402,44.22,SP,No_TM
g11119.t1,341,37.51,SP,No_TM
g7777.t1,591,65.01,SP,No_TM
g11521.t1,561,61.71,SP,No_TM
g5980.t1,403,44.33,SP,No_TM
g6587.t1,499,54.89,SP,No_TM
g4869.t1,394,43.34,SP,No_TM
g10334.t1,407,44.77,SP,No_TM
g11731.t1,569,62.59,SP,No_TM
g12195.t1,176,19.36,SP,No_TM
g9550.t1,196,21.56,SP,No_TM
g95.t1,708,77.88,SP,No_TM
g6740.t1,805,88.55,SP,No_TM
g6453.t1,194,21.34,SP,No_TM
g14285.t1,305,33.55,SP,No_TM
g1927.t1,717,78.87,SP,No_TM
g2375.t1,815,89.65,SP,No_TM
g5114.t1,255,28.05,SP,No_TM
g7165.t1,3350,368.5,SP,No_TM
g1925.t1,568,62.48,SP,No_TM
g14843.t1,362,39.82,SP,No_TM
g9962.t1,544,59.84,SP,No_TM
g7613.t1,410,45.1,SP,No_TM
g926.t1,244,26.84,SP,No_TM
g13213.t1,584,64.24,SP,No_TM
g14941.t1,428,47.08,SP,No_TM
g925.t1,404,44.44,SP,No_TM
g15316.t1,1369,150.59,SP,No_TM
g12859.t1,238,26.18,SP,No_TM
g8227.t1,430,47.3,SP,No_TM
g834.t1,297,32.67,SP,No_TM
g1446.t1,415,45.65,SP,No_TM
g4471.t1,570,62.7,SP,No_TM
g3688.t1,496,54.56,SP,No_TM
g9470.t1,526,57.86,SP,No_TM
g8290.t1,622,68.42,SP,No_TM
g11361.t1,496,54.56,SP,No_TM
g4426.t1,634,69.74,SP,No_TM
g7854.t1,411,45.21,SP,No_TM
g9674.t1,251,27.61,SP,No_TM
g8490.t1,299,32.89,SP,No_TM
g538.t1,693,76.23,SP,No_TM
g5660.t1,246,27.06,SP,No_TM
g11301.t1,335,36.85,SP,No_TM
g10299.t1,475,52.25,SP,No_TM
g3698.t1,439,48.29,SP,No_TM
g11835.t1,344,37.84,SP,No_TM
g15465.t2,430,47.3,SP,No_TM
g12918.t1,173,19.03,SP,No_TM
g11553.t1,636,69.96,SP,No_TM
g14270.t1,387,42.57,SP,No_TM
g10812.t1,689,75.79,SP,No_TM
g2392.t1,494,54.34,SP,No_TM
g2181.t1,183,20.13,SP,No_TM
g11500.t1,654,71.94,SP,No_TM
g12142.t1,575,63.25,SP,No_TM
g10470.t2,1402,154.22,SP,No_TM
g3298.t1,476,52.36,SP,No_TM
g11651.t1,920,101.2,SP,No_TM
g4302.t1,503,55.33,SP,No_TM
g3942.t1,296,32.56,SP,No_TM
g12839.t1,265,29.15,SP,No_TM
g14997.t1,255,28.05,SP,No_TM
g3713.t2,183,20.13,SP,No_TM
g10347.t1,619,68.09,SP,No_TM
g7026.t1,274,30.14,SP,No_TM
g12310.t1,203,22.33,SP,No_TM
g3481.t1,184,20.24,SP,No_TM
g4380.t1,771,84.81,SP,No_TM
g10893.t1,550,60.5,SP,No_TM
g10758.t1,449,49.39,SP,No_TM
g3128.t1,656,72.16,SP,No_TM
g12166.t1,374,41.14,SP,No_TM
g2568.t1,371,40.81,SP,No_TM
g11943.t1,996,109.56,SP,No_TM
g6643.t1,262,28.82,SP,No_TM
g210.t1,336,36.96,SP,No_TM
g15132.t1,493,54.23,SP,No_TM
g9465.t1,296,32.56,SP,No_TM
g15027.t1,927,101.97,SP,No_TM
g1932.t1,552,60.72,SP,No_TM
g13401.t1,236,25.96,SP,No_TM
g5202.t1,475,52.25,SP,No_TM
g12131.t1,455,50.05,SP,No_TM
g13641.t1,409,44.99,SP,No_TM
g549.t1,374,41.14,SP,No_TM
g664.t1,299,32.89,SP,No_TM
g6653.t1,506,55.66,SP,No_TM
g8899.t1,983,108.13,SP,No_TM
g8725.t1,525,57.75,SP,No_TM
g10094.t1,417,45.87,SP,No_TM
g6439.t1,450,49.5,SP,No_TM
g2590.t1,390,42.9,SP,No_TM
g10093.t1,632,69.52,SP,No_TM
g776.t1,771,84.81,SP,No_TM
g4059.t2,340,37.4,SP,No_TM
g5697.t1,431,47.41,SP,No_TM
g8656.t1,399,43.89,SP,No_TM
g513.t2,505,55.55,SP,No_TM
g13677.t1,233,25.63,SP,No_TM
g1470.t1,771,84.81,SP,No_TM
g766.t1,875,96.25,SP,No_TM
g15131.t1,1010,111.1,SP,No_TM
g12116.t1,344,37.84,SP,No_TM
g14948.t2,278,30.58,SP,No_TM
g13098.t1,373,41.03,SP,No_TM
g10120.t2,309,33.99,SP,No_TM
g3349.t2,575,63.25,SP,No_TM
g6130.t1,197,21.67,SP,No_TM
g10659.t1,388,42.68,SP,No_TM
g10936.t2,323,35.53,SP,No_TM
g5721.t1,206,22.66,SP,No_TM
g12125.t1,547,60.17,SP,No_TM
g593.t1,199,21.89,SP,No_TM
g5442.t1,523,57.53,SP,No_TM
g13078.t1,461,50.71,SP,No_TM
g10538.t1,422,46.42,SP,No_TM
g13754.t1,321,35.31,SP,No_TM
g7122.t2,168,18.48,SP,No_TM
g790.t1,419,46.09,SP,No_TM
g14500.t1,518,56.98,SP,No_TM
g5820.t1,567,62.37,SP,No_TM
g12225.t1,614,67.54,SP,No_TM
g11592.t1,371,40.81,SP,No_TM
g4066.t3,539,59.29,SP,No_TM
g10195.t1,416,45.76,SP,No_TM
g5296.t1,373,41.03,SP,No_TM
g7542.t1,344,37.84,SP,No_TM
g9521.t1,273,30.03,SP,No_TM
g6459.t1,230,25.3,SP,No_TM
g10649.t1,299,32.89,SP,No_TM
g8413.t1,299,32.89,SP,No_TM
g2492.t1,234,25.74,SP,No_TM
g11102.t2,589,64.79,SP,No_TM
g11716.t1,293,32.23,SP,No_TM
g859.t1,174,19.14,SP,No_TM
g13337.t1,408,44.88,SP,No_TM
g14020.t1,466,51.26,SP,No_TM
g13190.t1,271,29.81,SP,No_TM
g7921.t1,624,68.64,SP,No_TM
g4033.t1,514,56.54,SP,No_TM
g4225.t1,287,31.57,SP,No_TM
g11591.t1,495,54.45,SP,No_TM
g2045.t1,254,27.94,SP,No_TM
g4801.t1,547,60.17,SP,No_TM
g7123.t1,424,46.64,SP,No_TM
g9067.t1,379,41.69,SP,No_TM
g1037.t2,231,25.41,SP,No_TM
g8145.t2,391,43.01,SP,No_TM
g5340.t1,395,43.45,SP,No_TM
g3170.t1,360,39.6,SP,No_TM
g14251.t1,503,55.33,SP,No_TM
g1123.t1,622,68.42,SP,No_TM
g3288.t1,591,65.01,SP,No_TM
g249.t1,829,91.19,SP,No_TM
g4836.t1,757,83.27,SP,No_TM
g1962.t1,163,17.93,SP,No_TM
g7424.t1,378,41.58,SP,No_TM
g14498.t2,621,68.31,SP,No_TM
g10103.t1,1020,112.2,SP,No_TM
g7864.t1,717,78.87,SP,No_TM
g12537.t1,309,33.99,SP,No_TM
g13715.t2,516,56.76,SP,No_TM
g3549.t1,272,29.92,SP,No_TM
g7818.t1,226,24.86,SP,No_TM
g3448.t1,606,66.66,SP,No_TM
g10072.t1,224,24.64,SP,No_TM
g12413.t1,152,16.72,SP,No_TM
g12748.t1,165,18.15,SP,No_TM
g925.t2,424,46.64,SP,No_TM
g5324.t1,255,28.05,SP,No_TM
g7456.t1,917,100.87,SP,No_TM
g11413.t1,160,17.6,SP,No_TM
g7323.t1,660,72.6,SP,No_TM
g10729.t1,213,23.43,SP,No_TM
g9614.t1,583,64.13,SP,No_TM
g7584.t1,272,29.92,SP,No_TM
g14561.t1,359,39.49,SP,No_TM
g9777.t2,573,63.03,SP,No_TM
g1867.t2,386,42.46,SP,No_TM
g576.t2,552,60.72,SP,No_TM
g5507.t1,384,42.24,SP,No_TM
g13202.t1,151,16.61,SP,No_TM
g9580.t1,627,68.97,SP,No_TM
g10645.t1,222,24.42,SP,No_TM
g6774.t1,642,70.62,SP,No_TM
g14693.t1,545,59.95,SP,No_TM
g14734.t1,683,75.13,SP,No_TM
g12376.t1,186,20.46,SP,No_TM
g9063.t1,393,43.23,SP,No_TM
g2789.t1,351,38.61,SP,No_TM
g1607.t1,231,25.41,SP,No_TM
g12403.t2,519,57.09,SP,No_TM
g10345.t1,1044,114.84,SP,No_TM
g5424.t1,500,55.0,SP,No_TM
g11608.t1,186,20.46,SP,No_TM
g800.t1,1502,165.22,SP,No_TM
g130.t2,216,23.76,SP,No_TM
g7167.t1,473,52.03,SP,No_TM
g626.t1,434,47.74,SP,No_TM
g4786.t1,643,70.73,SP,No_TM
g11838.t1,583,64.13,SP,No_TM
g669.t1,399,43.89,SP,No_TM
g13642.t1,565,62.15,SP,No_TM
g89.t1,210,23.1,SP,No_TM
g10557.t1,386,42.46,SP,No_TM
g4178.t1,464,51.04,SP,No_TM
g6723.t1,393,43.23,SP,No_TM
g2222.t1,502,55.22,SP,No_TM
g2581.t2,349,38.39,SP,No_TM
g1358.t1,431,47.41,SP,No_TM
g7643.t1,335,36.85,SP,No_TM
g13239.t1,207,22.77,SP,No_TM
g678.t1,600,66.0,SP,No_TM
g10648.t1,191,21.01,SP,No_TM
g347.t1,300,33.0,SP,No_TM
g7321.t1,381,41.91,SP,No_TM
g6027.t1,415,45.65,SP,No_TM
g9645.t1,786,86.46,SP,No_TM
g10393.t1,364,40.04,SP,No_TM
g665.t2,183,20.13,SP,No_TM
g11418.t1,596,65.56,SP,No_TM
g12535.t1,689,75.79,SP,No_TM
g14204.t1,500,55.0,SP,No_TM
g7427.t1,986,108.46,SP,No_TM
g8984.t1,406,44.66,SP,No_TM
g11707.t1,258,28.38,SP,No_TM
g8920.t1,534,58.74,SP,No_TM
g7276.t1,913,100.43,SP,No_TM
g4094.t1,234,25.74,SP,No_TM
g3907.t1,235,25.85,SP,No_TM
g6944.t1,604,66.44,SP,No_TM
g4803.t1,973,107.03,SP,No_TM
g1037.t1,205,22.55,SP,No_TM
g13907.t1,151,16.61,SP,No_TM
g12583.t1,423,46.53,SP,No_TM
g7223.t1,555,61.05,SP,No_TM
g11661.t1,217,23.87,SP,No_TM
g11841.t1,503,55.33,SP,No_TM
g11742.t1,213,23.43,SP,No_TM
g3018.t1,387,42.57,SP,No_TM
g12576.t2,1848,203.28,SP,No_TM
g15114.t1,948,104.28,SP,No_TM
g651.t1,467,51.37,SP,No_TM
g9942.t1,945,103.95,SP,No_TM
g14151.t1,570,62.7,SP,No_TM
g15196.t1,775,85.25,SP,No_TM
g3881.t1,213,23.43,SP,No_TM
g15263.t1,692,76.12,SP,No_TM
g686.t1,381,41.91,SP,No_TM
g14261.t1,728,80.08,SP,No_TM
g5120.t1,196,21.56,SP,No_TM
g10421.t1,394,43.34,SP,No_TM
g2039.t1,212,23.32,SP,No_TM
g8685.t1,540,59.4,SP,No_TM
g1722.t1,335,36.85,SP,No_TM
g6760.t1,539,59.29,SP,No_TM
g7186.t1,518,56.98,SP,No_TM
g7633.t2,760,83.6,SP,No_TM
g4383.t1,325,35.75,SP,No_TM
g11974.t1,176,19.36,SP,No_TM
g12267.t1,231,25.41,SP,No_TM
g14292.t1,377,41.47,SP,No_TM
g1209.t1,394,43.34,SP,No_TM
g4623.t1,346,38.06,SP,No_TM
g7181.t1,350,38.5,SP,No_TM
g665.t1,159,17.49,SP,No_TM
g3253.t1,639,70.29,SP,No_TM
g9900.t1,492,54.12,SP,No_TM
g4723.t1,447,49.17,SP,No_TM
g10579.t1,336,36.96,SP,No_TM
g9952.t1,332,36.52,SP,No_TM
g12129.t1,349,38.39,SP,No_TM
g12900.t1,513,56.43,SP,No_TM
g5761.t1,217,23.87,SP,No_TM
g118.t1,383,42.13,SP,No_TM
g6731.t1,515,56.65,SP,No_TM
g11116.t1,404,44.44,SP,No_TM
g11512.t1,313,34.43,SP,No_TM
g9295.t1,221,24.31,SP,No_TM
g3078.t1,263,28.93,SP,No_TM
g6534.t2,679,74.69,SP,No_TM
g1065.t1,171,18.81,SP,No_TM
g529.t1,483,53.13,SP,No_TM
g12856.t1,776,85.36,SP,No_TM
g2309.t1,352,38.72,SP,No_TM
g13891.t1,429,47.19,SP,No_TM
g13440.t1,201,22.11,SP,No_TM
g13554.t1,455,50.05,SP,No_TM
g6801.t1,362,39.82,SP,No_TM
g1167.t1,337,37.07,SP,No_TM
g4732.t1,485,53.35,SP,No_TM
g9301.t1,340,37.4,SP,No_TM
g2338.t1,540,59.4,SP,No_TM
g4937.t1,526,57.86,SP,No_TM
g10759.t1,771,84.81,SP,No_TM
g1314.t1,500,55.0,SP,No_TM
g486.t1,163,17.93,SP,No_TM
g8285.t1,159,17.49,SP,No_TM
g1316.t2,381,41.91,SP,No_TM
g13593.t2,238,26.18,SP,No_TM
g7978.t1,162,17.82,SP,No_TM
g11296.t1,710,78.1,SP,No_TM
g390.t1,442,48.62,SP,No_TM
g10536.t1,758,83.38,SP,No_TM
g11101.t1,1364,150.04,SP,No_TM
g8868.t1,591,65.01,SP,No_TM
g66.t1,436,47.96,SP,No_TM
g5252.t1,371,40.81,SP,No_TM
g10611.t1,562,61.82,SP,No_TM
g8696.t2,177,19.47,SP,No_TM
g3902.t1,789,86.79,SP,No_TM
g936.t1,348,38.28,SP,No_TM
g3309.t1,354,38.94,SP,No_TM
g14912.t1,287,31.57,SP,No_TM
g4850.t1,162,17.82,SP,No_TM
g11174.t1,258,28.38,SP,No_TM
g11753.t1,298,32.78,SP,No_TM
g13869.t1,368,40.48,SP,No_TM
g11869.t1,302,33.22,SP,No_TM
g3272.t1,865,95.15,SP,No_TM
g10889.t1,419,46.09,SP,No_TM
g8804.t1,362,39.82,SP,No_TM
g15249.t1,782,86.02,SP,No_TM
g9424.t1,823,90.53,SP,No_TM
g2968.t1,432,47.52,SP,No_TM
g15121.t1,179,19.69,SP,No_TM
g11813.t1,334,36.74,SP,No_TM
g396.t1,601,66.11,SP,No_TM
g10586.t1,530,58.3,SP,No_TM
g5003.t1,634,69.74,SP,No_TM
g15081.t1,211,23.21,SP,No_TM
g4740.t1,422,46.42,SP,No_TM
g2899.t1,267,29.37,SP,No_TM
g731.t1,699,76.89,SP,No_TM
g7574.t1,453,49.83,SP,No_TM
g7631.t1,652,71.72,SP,No_TM
g7692.t1,867,95.37,SP,No_TM
g12539.t1,809,88.99,SP,No_TM
g3813.t1,224,24.64,SP,No_TM
g9612.t2,870,95.7,SP,No_TM
g3309.t2,388,42.68,SP,No_TM
g2391.t1,388,42.68,SP,No_TM
g5143.t1,449,49.39,SP,No_TM
g10083.t1,209,22.99,SP,No_TM
g12754.t1,486,53.46,SP,No_TM
g12752.t1,479,52.69,SP,No_TM
g13189.t1,924,101.64,SP,No_TM
g9244.t2,1053,115.83,SP,No_TM
g15268.t1,608,66.88,SP,No_TM
g3022.t3,302,33.22,SP,No_TM
g14676.t1,767,84.37,SP,No_TM
g3022.t1,790,86.9,SP,No_TM
g2571.t1,424,46.64,SP,No_TM
g8534.t1,335,36.85,SP,No_TM
g2192.t1,232,25.52,SP,No_TM
g15166.t2,507,55.77,SP,No_TM
g3408.t2,444,48.84,SP,No_TM
g5018.t1,285,31.35,SP,No_TM
g5757.t1,404,44.44,SP,No_TM
g9383.t1,806,88.66,SP,No_TM
g794.t1,500,55.0,SP,No_TM
g12454.t1,247,27.17,SP,No_TM
g9759.t1,526,57.86,SP,No_TM
g14743.t1,388,42.68,SP,No_TM
g4510.t1,518,56.98,SP,No_TM
g14038.t1,639,70.29,SP,No_TM
g1921.t1,630,69.3,SP,No_TM
g9754.t1,672,73.92,SP,No_TM
g1903.t1,162,17.82,SP,No_TM
g11509.t2,677,74.47,SP,No_TM
g15461.t1,206,22.66,SP,No_TM
g13192.t1,425,46.75,SP,No_TM
g6590.t1,3259,358.49,SP,No_TM
g14320.t1,418,45.98,SP,No_TM
g5251.t1,403,44.33,SP,No_TM
g12240.t1,624,68.64,SP,No_TM
g936.t2,463,50.93,SP,No_TM
g5629.t1,238,26.18,SP,No_TM
g7541.t1,787,86.57,SP,No_TM
g2365.t1,650,71.5,SP,No_TM
g3440.t1,174,19.14,SP,No_TM
g15120.t1,158,17.38,SP,No_TM
g2582.t1,246,27.06,SP,No_TM
g8713.t1,501,55.11,SP,No_TM
g13168.t1,236,25.96,SP,No_TM
g14964.t1,385,42.35,SP,No_TM
g4612.t1,623,68.53,SP,No_TM
g6349.t1,188,20.68,SP,No_TM
g7364.t1,680,74.8,SP,No_TM
g2742.t1,553,60.83,SP,No_TM
g845.t1,609,66.99,SP,No_TM
g15429.t1,255,28.05,SP,No_TM
g10319.t1,416,45.76,SP,No_TM
g6887.t2,560,61.6,SP,No_TM
g6306.t2,373,41.03,SP,No_TM
g3321.t1,152,16.72,SP,No_TM
g11676.t1,320,35.2,SP,No_TM
g9737.t1,396,43.56,SP,No_TM
g14195.t1,919,101.09,SP,No_TM
g8892.t1,466,51.26,SP,No_TM
g14969.t1,955,105.05,SP,No_TM
g13833.t2,155,17.05,SP,No_TM
g14383.t2,1375,151.25,SP,No_TM
g644.t1,363,39.93,SP,No_TM
g6328.t1,178,19.58,SP,No_TM
g7311.t1,191,21.01,SP,No_TM
g2221.t1,520,57.2,SP,No_TM
g8503.t1,393,43.23,SP,No_TM
g13420.t1,247,27.17,SP,No_TM
g12888.t1,237,26.07,SP,No_TM
g15153.t1,900,99.0,SP,No_TM
g2339.t1,293,32.23,SP,No_TM
g13516.t1,1115,122.65,SP,No_TM
g4028.t1,565,62.15,SP,No_TM
g13490.t1,573,63.03,SP,No_TM
g1784.t1,425,46.75,SP,No_TM
g12558.t1,291,32.01,SP,No_TM
g8156.t1,882,97.02,SP,No_TM
g4868.t1,264,29.04,SP,No_TM
g310.t1,385,42.35,SP,No_TM
g4171.t1,411,45.21,SP,No_TM
g9164.t1,530,58.3,SP,No_TM
g11682.t1,175,19.25,SP,No_TM
g3782.t1,305,33.55,SP,No_TM
g15481.t1,175,19.25,SP,No_TM
g13937.t1,337,37.07,SP,No_TM
g6974.t1,458,50.38,SP,No_TM
g3925.t1,447,49.17,SP,No_TM
g5313.t1,274,30.14,SP,No_TM
g4989.t1,546,60.06,SP,No_TM
g555.t1,199,21.89,SP,No_TM
g6770.t1,320,35.2,SP,No_TM
g13929.t1,458,50.38,SP,No_TM
g8288.t1,614,67.54,SP,No_TM
g9476.t1,754,82.94,SP,No_TM
g5407.t1,380,41.8,SP,No_TM
g160.t1,534,58.74,SP,No_TM
g14434.t1,1993,219.23,SP,No_TM
g1092.t2,263,28.93,SP,No_TM
g5862.t1,1205,132.55,SP,No_TM
g14207.t1,499,54.89,SP,No_TM
g14599.t2,435,47.85,SP,No_TM
g11559.t1,335,36.85,SP,No_TM
g13764.t1,212,23.32,SP,No_TM
g12593.t3,611,67.21,SP,No_TM
g10929.t2,867,95.37,SP,No_TM
g3304.t1,307,33.77,SP,No_TM
g7995.t1,589,64.79,SP,No_TM
g10330.t1,314,34.54,SP,No_TM
g973.t1,557,61.27,SP,No_TM
g4400.t1,275,30.25,SP,No_TM
g1230.t1,549,60.39,SP,No_TM
g11465.t1,194,21.34,SP,No_TM
g10470.t1,1428,157.08,SP,No_TM
g1447.t1,329,36.19,SP,No_TM
g3779.t1,372,40.92,SP,No_TM
g3122.t1,152,16.72,SP,No_TM
g13603.t1,188,20.68,SP,No_TM
g693.t1,390,42.9,SP,No_TM
g9665.t1,307,33.77,SP,No_TM
g3491.t1,359,39.49,SP,No_TM
g2237.t1,433,47.63,SP,No_TM
g14343.t1,189,20.79,SP,No_TM
g560.t1,356,39.16,SP,No_TM
g4726.t2,423,46.53,SP,No_TM
g2293.t1,566,62.26,SP,No_TM
g2356.t1,244,26.84,SP,No_TM
g1643.t1,395,43.45,SP,No_TM
g6632.t1,186,20.46,SP,No_TM
g12926.t1,166,18.26,SP,No_TM
g8124.t1,634,69.74,SP,No_TM
g9071.t1,500,55.0,SP,No_TM
g11456.t1,626,68.86,SP,No_TM
g907.t1,382,42.02,SP,No_TM
g1924.t1,576,63.36,SP,No_TM
g77.t1,273,30.03,SP,No_TM
g6456.t1,490,53.9,SP,No_TM
g13293.t1,464,51.04,SP,No_TM
g14575.t1,796,87.56,SP,No_TM
g6827.t1,176,19.36,SP,No_TM
g15314.t1,314,34.54,SP,No_TM
g13274.t1,468,51.48,SP,No_TM
g298.t1,355,39.05,SP,No_TM
g5275.t1,499,54.89,SP,No_TM
